class,cn_name,status,current_const,current_id,current_atlas,extends,package,file,new_id
AdamantArmor,焊接组件-护甲,placeholder,SpecificPlaceHolderDict.SOMETHING_0,,,Item,pd.items,core/src/java/pd/items/AdamantArmor.java,
AdamantRing,焊接组件-戒指,placeholder,SpecificPlaceHolderDict.SOMETHING_0,,,Item,pd.items,core/src/java/pd/items/AdamantRing.java,
AdamantWand,焊接组件-法杖,placeholder,SpecificPlaceHolderDict.SOMETHING_0,,,Item,pd.items,core/src/java/pd/items/AdamantWand.java,
AdamantWeapon,焊接组件-武器,filled,ConsumGoodsMaterialsMaterialsDict.WEAPON_WELD_PART,6415,sprites/items/consum/goods_materials/materials.png,Item,pd.items,core/src/java/pd/items/AdamantWeapon.java,
Amulet,Yendor护符,filled,SpecificTaskDict.AMULET_0,7112,sprites/items/specific/task.png,Item,pd.items,core/src/java/pd/items/Amulet.java,
AncientCoin,上朝贡物,placeholder,SpecificPlaceHolderDict.SOMETHING_0,,,SpsBossKey,pd.items,core/src/java/pd/items/AncientCoin.java,
Ankh,重生十字架,filled,ConsumUsefulUsefulDict.ANKH,6670,sprites/items/consum/useful/useful.png,Item,pd.items,core/src/java/pd/items/Ankh.java,
ArcaneResin,奥术树脂,filled,ConsumScrollAmuletScrollDict.ARCANE_RESIN,6561,sprites/items/consum/scroll_amulet/scroll.png,Item,pd.items,core/src/java/pd/items/ArcaneResin.java,
ArmorKit,护甲配件包,filled,ConsumUsefulProcessEnhanceDict.KIT_0,6661,sprites/items/consum/useful/process_enhance.png,Item,pd.items,core/src/java/pd/items/ArmorKit.java,
Badge,,no-image,,,,KindofMisc,pd.items,core/src/java/pd/items/Badge.java,
Bone,亡灵短骨,placeholder,SpecificPlaceHolderDict.SOMETHING_0,,,SpsBossKey,pd.items,core/src/java/pd/items/Bone.java,
BossRush,BossRush挑战,placeholder,SpecificPlaceHolderDict.SOMETHING_0,,,Item,pd.items,core/src/java/pd/items/BossRush.java,
BrokenSeal,破损纹章,placeholder,SpecificPlaceHolderDict.SOMETHING_0,,,Item,pd.items,core/src/java/pd/items/BrokenSeal.java,
CapturedPetEgg,,no-image,,,,Egg,pd.items,core/src/java/pd/items/CapturedPetEgg.java,
ChallengeBook,挑战日志,placeholder,SpecificPlaceHolderDict.SOMETHING_0,,,ChallengeJournal,pd.items,core/src/java/pd/items/ChallengeBook.java,
ChangeEquip,装备切换,placeholder,SpecificPlaceHolderDict.SOMETHING_0,,,Item,pd.items,core/src/java/pd/items/ChangeEquip.java,
ChaosPack,混沌之契,filled,EquipmentNonEquipDict.CHAOS_PACK,6942,sprites/items/equipment/non_equip.png,Item,pd.items,core/src/java/pd/items/ChaosPack.java,
ColoredDewdrop,,no-image,,,,Dewdrop,pd.items,core/src/java/pd/items/ColoredDewdrop.java,
ConchShell,巨蟹海螺,placeholder,SpecificPlaceHolderDict.SOMETHING_0,,,SpsBossKey,pd.items,core/src/java/pd/items/ConchShell.java,
Crystalnucleus,闪耀晶核,placeholder,SpecificPlaceHolderDict.SOMETHING_0,,,Item,pd.items,core/src/java/pd/items/Crystalnucleus.java,
CrystalVial,水晶瓶,placeholder,SpecificPlaceHolderDict.SOMETHING_0,,,Item,pd.items,core/src/java/pd/items/CrystalVial.java,
CurseBlood,诅咒之液,placeholder,SpecificPlaceHolderDict.SOMETHING_0,,,Item,pd.items,core/src/java/pd/items/CurseBlood.java,
Dewdrop,露珠,filled,GroundFunctionalFallingDict.DEWDROP_0,7018,sprites/items/ground/functional_falling.png,Item,pd.items,core/src/java/pd/items/Dewdrop.java,
DewVial,,no-image,,,,Waterskin,pd.items,core/src/java/pd/items/DewVial.java,
DolyaSlate,多利亚石板,filled,SpecificTaskDict.DOLYA_SLATE,7115,sprites/items/specific/task.png,AdventureJournal,pd.items,core/src/java/pd/items/DolyaSlate.java,
Elevator,社会升降器,filled,EquipmentNonEquipDict.ELEVATOR,6967,sprites/items/equipment/non_equip.png,Item,pd.items,core/src/java/pd/items/Elevator.java,
EmptyBody,虚无之体,placeholder,SpecificPlaceHolderDict.SOMETHING_0,,,Item,pd.items,core/src/java/pd/items/EmptyBody.java,
EnergyCrystal,能量晶体,filled,SpecificCurrencyDict.ENERGY_0,7043,sprites/items/specific/currency.png,Item,pd.items,core/src/java/pd/items/EnergyCrystal.java,
EquipableItem,,no-image,,,,Item,pd.items,core/src/java/pd/items/EquipableItem.java,
ExpOre,经验之石,filled,SpecificTaskDict.ORE_0,7106,sprites/items/specific/task.png,Item,pd.items,core/src/java/pd/items/ExpOre.java,
Flag,军旗,placeholder,SpecificPlaceHolderDict.SOMETHING_0,,,Item,pd.items,core/src/java/pd/items/Flag.java,
Garbage,垃圾,placeholder,SpecificPlaceHolderDict.SOMETHING_0,,,Item,pd.items,core/src/java/pd/items/Garbage.java,
Generator,,no-image,,,,,pd.items,core/src/java/pd/items/Generator.java,
Gold,金币,filled,SpecificCurrencyDict.GOLD_0,7042,sprites/items/specific/currency.png,Item,pd.items,core/src/java/pd/items/Gold.java,
GoldBag,一袋金币,placeholder,SpecificPlaceHolderDict.SOMETHING_0,,,Item,pd.items,core/src/java/pd/items/GoldBag.java,
GreatRune,附魔符文,filled,ConsumScrollAmuletAmuletDict.STONE_ENCHANT_0,6511,sprites/items/consum/scroll_amulet/amulet.png,Item,pd.items,core/src/java/pd/items/GreatRune.java,
GreenDewdrop,绿色露珠,filled,GroundFunctionalFallingDict.DEWDROP_0,7018,sprites/items/ground/functional_falling.png,Dewdrop,pd.items,core/src/java/pd/items/GreenDewdrop.java,
Heap,,no-image,,,,,pd.items,core/src/java/pd/items/Heap.java,
Honeypot,蜂蜜罐,filled,ConsumUsefulUsefulDict.HONEYPOT_0,6668,sprites/items/consum/useful/useful.png,Item,pd.items,core/src/java/pd/items/Honeypot.java,
Item,,placeholder,SpecificPlaceHolderDict.SOMETHING_0,,,,pd.items,core/src/java/pd/items/Item.java,
ItemStatusHandler,,no-image,,,,,pd.items,core/src/java/pd/items/ItemStatusHandler.java,
KindofMisc,,no-image,,,,EquipableItem,pd.items,core/src/java/pd/items/KindofMisc.java,
KindOfWeapon,,no-image,,,,EquipableItem,pd.items,core/src/java/pd/items/KindOfWeapon.java,
KingsCrown,矮人国王的皇冠,filled,ConsumUsefulProcessEnhanceDict.CROWN_0,6662,sprites/items/consum/useful/process_enhance.png,Item,pd.items,core/src/java/pd/items/KingsCrown.java,
KnowledgeBook,知识之书,placeholder,SpecificPlaceHolderDict.SOMETHING_0,,,Item,pd.items,core/src/java/pd/items/KnowledgeBook.java,
LevelDown,成长核心,filled,SpecificTaskDict.ORE_0,7106,sprites/items/specific/task.png,Item,pd.items,core/src/java/pd/items/LevelDown.java,
LiquidMetal,液金,filled,ConsumPotionSeedBasicPotionDict.LIQUID_METAL_0,6436,sprites/items/consum/potion_seed/basic_potion.png,Item,pd.items,core/src/java/pd/items/LiquidMetal.java,
LostBackpack,遗物,filled,EquipmentBagsDict.BACKPACK_0,6681,sprites/items/equipment/bags.png,Item,pd.items,core/src/java/pd/items/LostBackpack.java,
MitBottle,根骨之瓶,placeholder,SpecificPlaceHolderDict.SOMETHING_0,,,Item,pd.items,core/src/java/pd/items/MitBottle.java,
OrbOfZot,储能装置,placeholder,SpecificPlaceHolderDict.SOMETHING_0,,,Item,pd.items,core/src/java/pd/items/OrbOfZot.java,
Palantir,能源核心,placeholder,SpecificPlaceHolderDict.SOMETHING_0,,,Item,pd.items,core/src/java/pd/items/Palantir.java,
Playericon,玩家图标,placeholder,SpecificPlaceHolderDict.SOMETHING_0,,,Item,pd.items,core/src/java/pd/items/Playericon.java,
PocketBall,精灵球,placeholder,SpecificPlaceHolderDict.SOMETHING_0,,,Item,pd.items,core/src/java/pd/items/PocketBall.java,
PocketBallFull,容魂灯,placeholder,SpecificPlaceHolderDict.SOMETHING_0,,,Item,pd.items,core/src/java/pd/items/PocketBallFull.java,
PotKey,罐罐的挑战函,filled,SpecificTaskDict.POT_KEY_0,7122,sprites/items/specific/task.png,Item,pd.items,core/src/java/pd/items/PotKey.java,
PowerHand,力量之手,filled,SpecificTaskDict.POWER_HAND,7104,sprites/items/specific/task.png,Item,pd.items,core/src/java/pd/items/PowerHand.java,
PuddingCup,巧克力布丁,placeholder,SpecificPlaceHolderDict.SOMETHING_0,,,Item,pd.items,core/src/java/pd/items/PuddingCup.java,
Recipe,,no-image,,,,Recipe,pd.items,core/src/java/pd/items/Recipe.java,
RedDewdrop,红色露珠,filled,GroundFunctionalFallingDict.DEWDROP_0,7018,sprites/items/ground/functional_falling.png,ColoredDewdrop,pd.items,core/src/java/pd/items/RedDewdrop.java,
SacrificeBook,献祭之书,placeholder,SpecificPlaceHolderDict.SOMETHING_0,,,Item,pd.items,core/src/java/pd/items/SacrificeBook.java,
SaveYourLife,紧急离线装置,filled,EquipmentNonEquipDict.SAVE_YOUR_LIFE,6928,sprites/items/equipment/non_equip.png,Item,pd.items,core/src/java/pd/items/SaveYourLife.java,
ShadowEaterKey,暗噬,placeholder,SpecificPlaceHolderDict.SOMETHING_0,,,Item,pd.items,core/src/java/pd/items/ShadowEaterKey.java,
SkillBook,职业技能书,filled,ConsumUsefulProcessEnhanceDict.MASTERY_0,6660,sprites/items/consum/useful/process_enhance.png,Item,pd.items,core/src/java/pd/items/SkillBook.java,
SoulCollect,灵魂囚禁石,filled,SpecificTaskDict.SOUL_COLLECT,7103,sprites/items/specific/task.png,Item,pd.items,core/src/java/pd/items/SoulCollect.java,
SpecialCoin,S币,placeholder,SpecificPlaceHolderDict.SOMETHING_0,,,Item,pd.items,core/src/java/pd/items/SpecialCoin.java,
SpsAlchemyRecipes,,no-image,,,,Recipe,pd.items,core/src/java/pd/items/SpsAlchemyRecipes.java,
SpsBossKey,,no-image,,,,Item,pd.items,core/src/java/pd/items/SpsBossKey.java,
StoneOre,原石,filled,SpecificTaskDict.ORE_0,7106,sprites/items/specific/task.png,Item,pd.items,core/src/java/pd/items/StoneOre.java,
StrBottle,力量之瓶,placeholder,SpecificPlaceHolderDict.SOMETHING_0,,,Item,pd.items,core/src/java/pd/items/StrBottle.java,
Stylus,奥术刻笔,filled,ConsumUsefulUsefulDict.STYLUS,6665,sprites/items/consum/useful/useful.png,Item,pd.items,core/src/java/pd/items/Stylus.java,
TenguKey,匿藏地传送门,placeholder,SpecificPlaceHolderDict.SOMETHING_0,,,SpsBossKey,pd.items,core/src/java/pd/items/TenguKey.java,
TengusMask,天狗的面具,filled,ConsumUsefulProcessEnhanceDict.MASK_0,6659,sprites/items/consum/useful/process_enhance.png,Item,pd.items,core/src/java/pd/items/TengusMask.java,
TestCloak,实验斗篷,placeholder,SpecificPlaceHolderDict.SOMETHING_0,,,Item,pd.items,core/src/java/pd/items/TestCloak.java,
TomeOfMastery,精通之书,filled,ConsumUsefulProcessEnhanceDict.MASTERY_0,6660,sprites/items/consum/useful/process_enhance.png,TengusMask,pd.items,core/src/java/pd/items/TomeOfMastery.java,
Torch,火把,filled,ConsumUsefulUsefulDict.TORCH_0,6666,sprites/items/consum/useful/useful.png,Item,pd.items,core/src/java/pd/items/Torch.java,
Towel,湿巾,filled,EquipmentEquipArmorUniqueArmorDict.TOWEL,6714,sprites/items/equipment/equip/armor/unique_armor.png,Item,pd.items,core/src/java/pd/items/Towel.java,
TransmutationBall,转换笼果实,placeholder,SpecificPlaceHolderDict.SOMETHING_0,,,Item,pd.items,core/src/java/pd/items/TransmutationBall.java,
TreasureMap,密藏宝图,placeholder,SpecificPlaceHolderDict.SOMETHING_0,,,Item,pd.items,core/src/java/pd/items/TreasureMap.java,
Triforce,起源三角,filled,SpecificTaskDict.TRIFORCE,7110,sprites/items/specific/task.png,Item,pd.items,core/src/java/pd/items/Triforce.java,
TriforceOfCourage,勇气三角,no-image,,,,TriforcePiece,pd.items,core/src/java/pd/items/TriforceOfCourage.java,
TriforceOfPower,力量三角,no-image,,,,TriforcePiece,pd.items,core/src/java/pd/items/TriforceOfPower.java,
TriforceOfWisdom,智慧三角,no-image,,,,TriforcePiece,pd.items,core/src/java/pd/items/TriforceOfWisdom.java,
TriforcePiece,,filled,SpecificTaskDict.TRIFORCE,7110,sprites/items/specific/task.png,Item,pd.items,core/src/java/pd/items/TriforcePiece.java,
UnBlessAnkh,十字架,placeholder,SpecificPlaceHolderDict.SOMETHING_0,,,Item,pd.items,core/src/java/pd/items/UnBlessAnkh.java,
UpgradeBlob,,no-image,,,,Item,pd.items,core/src/java/pd/items/UpgradeBlob.java,
UpgradeBlobRed,红色强化精华,placeholder,SpecificPlaceHolderDict.SOMETHING_0,,,UpgradeBlob,pd.items,core/src/java/pd/items/UpgradeBlobRed.java,
UpgradeBlobViolet,紫色强化精华,placeholder,SpecificPlaceHolderDict.SOMETHING_0,,,UpgradeBlob,pd.items,core/src/java/pd/items/UpgradeBlobViolet.java,
UpgradeBlobYellow,黄色强化精华,placeholder,SpecificPlaceHolderDict.SOMETHING_0,,,UpgradeBlob,pd.items,core/src/java/pd/items/UpgradeBlobYellow.java,
UpgradeEatBall,吞星花果实,placeholder,SpecificPlaceHolderDict.SOMETHING_0,,,Item,pd.items,core/src/java/pd/items/UpgradeEatBall.java,
Vialupdater,露珠强化器,placeholder,SpecificPlaceHolderDict.SOMETHING_0,,,Item,pd.items,core/src/java/pd/items/Vialupdater.java,
VioletDewdrop,紫色露珠,filled,GroundFunctionalFallingDict.DEWDROP_0,7018,sprites/items/ground/functional_falling.png,ColoredDewdrop,pd.items,core/src/java/pd/items/VioletDewdrop.java,
Waterskin,露珠瓶,placeholder,SpecificPlaceHolderDict.SOMETHING_0,,,Item,pd.items,core/src/java/pd/items/Waterskin.java,
Weightstone,磨刀石,placeholder,SpecificPlaceHolderDict.SOMETHING_0,,,Item,pd.items,core/src/java/pd/items/Weightstone.java,
YellowDewdrop,黄色露珠,filled,GroundFunctionalFallingDict.DEWDROP_0,7018,sprites/items/ground/functional_falling.png,ColoredDewdrop,pd.items,core/src/java/pd/items/YellowDewdrop.java,
Brewed,酿制无味果,filled,ConsumFoodFoodDict.BLANDFRUIT,6372,sprites/items/consum/food/food.png,Item,pd.items.consum.brewed,core/src/java/pd/items/consum/brewed/Brewed.java,
AflyEgg,阿比哨子,filled,ConsumSummorDict.AFLY_EGG_0,6578,sprites/items/consum/summor.png,Egg,pd.items.consum.eggs,core/src/java/pd/items/consum/eggs/AflyEgg.java,
BlueDragonEgg,蓝龙之魂,filled,ConsumSummorDict.BLUE_DRAGON_EGG_0,6570,sprites/items/consum/summor.png,Egg,pd.items.consum.eggs,core/src/java/pd/items/consum/eggs/BlueDragonEgg.java,
BlueGirlEgg,蓝色人偶之魂,filled,ConsumSummorDict.BLUE_GIRL_EGG_0,6567,sprites/items/consum/summor.png,Egg,pd.items.consum.eggs,core/src/java/pd/items/consum/eggs/BlueGirlEgg.java,
BugDragonEGG,BUG龙之魂,filled,ConsumSummorDict.BUG_DRAGON_EGG_0,6575,sprites/items/consum/summor.png,Egg,pd.items.consum.eggs,core/src/java/pd/items/consum/eggs/BugDragonEGG.java,
ButterflypetEgg,萤石粉蝶之魂,placeholder,SpecificPlaceHolderDict.SOMETHING_0,,,Egg,pd.items.consum.eggs,core/src/java/pd/items/consum/eggs/ButterflypetEgg.java,
ChocoboEgg,陆行鸟之魂,filled,ConsumSummorDict.CHOCOBO_EGG_0,6595,sprites/items/consum/summor.png,Egg,pd.items.consum.eggs,core/src/java/pd/items/consum/eggs/ChocoboEgg.java,
CocoCatEgg,爆破之魂,placeholder,SpecificPlaceHolderDict.SOMETHING_0,,,Egg,pd.items.consum.eggs,core/src/java/pd/items/consum/eggs/CocoCatEgg.java,
DaturaEgg,曼陀罗之魂,filled,ConsumSummorDict.DATURA_EGG_0,6581,sprites/items/consum/summor.png,Egg,pd.items.consum.eggs,core/src/java/pd/items/consum/eggs/DaturaEgg.java,
DogpetEgg,忠犬之魂,filled,ConsumSummorDict.DOG_PET_EGG_0,6582,sprites/items/consum/summor.png,Egg,pd.items.consum.eggs,core/src/java/pd/items/consum/eggs/DogpetEgg.java,
DwarfBoyEgg,矮人学徒,filled,ConsumSummorDict.DWARF_BOY_EGG_0,6583,sprites/items/consum/summor.png,Egg,pd.items.consum.eggs,core/src/java/pd/items/consum/eggs/DwarfBoyEgg.java,
EasterEgg,,filled,ConsumSummorDict.RABBIT_PET_EGG_0,6573,sprites/items/consum/summor.png,Egg,pd.items.consum.eggs,core/src/java/pd/items/consum/eggs/EasterEgg.java,
Egg,魔物之魂,placeholder,SpecificPlaceHolderDict.SOMETHING_0,,,Item,pd.items.consum.eggs,core/src/java/pd/items/consum/eggs/Egg.java,
FlyEgg,飞蝇之魂,filled,ConsumSummorDict.FLY_EGG_0,6584,sprites/items/consum/summor.png,Egg,pd.items.consum.eggs,core/src/java/pd/items/consum/eggs/FlyEgg.java,
FoxHelperEgg,狐女仆之魂,filled,ConsumSummorDict.FOX_HELPER_EGG_0,6585,sprites/items/consum/summor.png,Egg,pd.items.consum.eggs,core/src/java/pd/items/consum/eggs/FoxHelperEgg.java,
FrogpetEgg,呆头蛙之魂,filled,ConsumSummorDict.FROG_PET_EGG_0,6586,sprites/items/consum/summor.png,Egg,pd.items.consum.eggs,core/src/java/pd/items/consum/eggs/FrogpetEgg.java,
GentleCrabEgg,绅士蟹之魂,filled,ConsumSummorDict.GENTLE_CRAB_EGG_0,6587,sprites/items/consum/summor.png,Egg,pd.items.consum.eggs,core/src/java/pd/items/consum/eggs/GentleCrabEgg.java,
GoldDragonEgg,金龙之魂,filled,ConsumSummorDict.GOLD_DRAGON_EGG_0,6577,sprites/items/consum/summor.png,Egg,pd.items.consum.eggs,core/src/java/pd/items/consum/eggs/GoldDragonEgg.java,
GreenDragonEgg,绿龙之魂,filled,ConsumSummorDict.GREEN_DRAGON_EGG_0,6572,sprites/items/consum/summor.png,Egg,pd.items.consum.eggs,core/src/java/pd/items/consum/eggs/GreenDragonEgg.java,
HaroEgg,待机的哈罗,placeholder,SpecificPlaceHolderDict.SOMETHING_0,,,Egg,pd.items.consum.eggs,core/src/java/pd/items/consum/eggs/HaroEgg.java,
KodoraEgg,柯多拉之魂,filled,ConsumSummorDict.KODORA_EGG_0,6588,sprites/items/consum/summor.png,Egg,pd.items.consum.eggs,core/src/java/pd/items/consum/eggs/KodoraEgg.java,
LeryFireEgg,紊乱之魂,filled,ConsumSummorDict.LERY_FIRE_EGG_0,6568,sprites/items/consum/summor.png,Egg,pd.items.consum.eggs,core/src/java/pd/items/consum/eggs/LeryFireEgg.java,
LightDragonEgg,白龙之魂,filled,ConsumSummorDict.LIGHT_DRAGON_EGG_0,6576,sprites/items/consum/summor.png,Egg,pd.items.consum.eggs,core/src/java/pd/items/consum/eggs/LightDragonEgg.java,
LitDemonEgg,链锯魔之魂,filled,ConsumSummorDict.LIT_DEMON_EGG_0,6589,sprites/items/consum/summor.png,Egg,pd.items.consum.eggs,core/src/java/pd/items/consum/eggs/LitDemonEgg.java,
MonkeyEgg,绿皮猴之魂,filled,ConsumSummorDict.MONKEY_EGG_0,6590,sprites/items/consum/summor.png,Egg,pd.items.consum.eggs,core/src/java/pd/items/consum/eggs/MonkeyEgg.java,
PigpetEgg,像素猪之魂,filled,ConsumSummorDict.PIG_PET_EGG_0,6591,sprites/items/consum/summor.png,Egg,pd.items.consum.eggs,core/src/java/pd/items/consum/eggs/PigpetEgg.java,
RandomEasterEgg,随机复活节之魂,placeholder,SpecificPlaceHolderDict.SOMETHING_0,,,Egg,pd.items.consum.eggs,core/src/java/pd/items/consum/eggs/RandomEasterEgg.java,
RedDragonEgg,红龙之魂,filled,ConsumSummorDict.RED_DRAGON_EGG_0,6569,sprites/items/consum/summor.png,Egg,pd.items.consum.eggs,core/src/java/pd/items/consum/eggs/RedDragonEgg.java,
RibbonRatEgg,缎带鼠之魂,filled,ConsumSummorDict.RIBBON_RAT_EGG_0,6592,sprites/items/consum/summor.png,Egg,pd.items.consum.eggs,core/src/java/pd/items/consum/eggs/RibbonRatEgg.java,
ScorpionEgg,毒蛰之魂,filled,ConsumSummorDict.SCORPION_EGG_0,6566,sprites/items/consum/summor.png,Egg,pd.items.consum.eggs,core/src/java/pd/items/consum/eggs/ScorpionEgg.java,
ShadowDragonEgg,暗之龙魂,placeholder,SpecificPlaceHolderDict.SOMETHING_0,,,Egg,pd.items.consum.eggs,core/src/java/pd/items/consum/eggs/ShadowDragonEgg.java,
SnakeEgg,毒蛇之魂,filled,ConsumSummorDict.SNAKE_PET_EGG_0,6593,sprites/items/consum/summor.png,Egg,pd.items.consum.eggs,core/src/java/pd/items/consum/eggs/SnakeEgg.java,
SpiderpetEgg,植蛛之魂,filled,ConsumSummorDict.SPIDER_PET_EGG_0,6594,sprites/items/consum/summor.png,Egg,pd.items.consum.eggs,core/src/java/pd/items/consum/eggs/SpiderpetEgg.java,
StarKidEgg,星芒之魂,filled,ConsumSummorDict.STAR_KID_EGG_0,6579,sprites/items/consum/summor.png,Egg,pd.items.consum.eggs,core/src/java/pd/items/consum/eggs/StarKidEgg.java,
StoneEgg,石拳石之魂,filled,ConsumSummorDict.STONE_PET_EGG_0,6580,sprites/items/consum/summor.png,Egg,pd.items.consum.eggs,core/src/java/pd/items/consum/eggs/StoneEgg.java,
VelociroosterEgg,坤哥之魂,filled,ConsumSummorDict.VELOCIROOSTER_EGG_0,6574,sprites/items/consum/summor.png,Egg,pd.items.consum.eggs,core/src/java/pd/items/consum/eggs/VelociroosterEgg.java,
VioletDragonEgg,紫龙之魂,filled,ConsumSummorDict.VIOLET_DRAGON_EGG_0,6571,sprites/items/consum/summor.png,Egg,pd.items.consum.eggs,core/src/java/pd/items/consum/eggs/VioletDragonEgg.java,
YearPetEgg,年兽之魂,placeholder,SpecificPlaceHolderDict.SOMETHING_0,,,Egg,pd.items.consum.eggs,core/src/java/pd/items/consum/eggs/YearPetEgg.java,
RandomAtkEgg,随机战斗灵魂,no-image,,,,RandomPetEgg,pd.items.consum.eggs.randomone,core/src/java/pd/items/consum/eggs/randomone/RandomAtkEgg.java,
RandomColEgg,随机资源灵魂,no-image,,,,RandomPetEgg,pd.items.consum.eggs.randomone,core/src/java/pd/items/consum/eggs/randomone/RandomColEgg.java,
RandomDefEgg,随机防御灵魂,no-image,,,,RandomPetEgg,pd.items.consum.eggs.randomone,core/src/java/pd/items/consum/eggs/randomone/RandomDefEgg.java,
RandomEgg,随机灵魂,placeholder,SpecificPlaceHolderDict.SOMETHING_0,,,Item,pd.items.consum.eggs.randomone,core/src/java/pd/items/consum/eggs/randomone/RandomEgg.java,
RandomEgg1,随机一月灵魂,no-image,,,,RandomPetEgg,pd.items.consum.eggs.randomone,core/src/java/pd/items/consum/eggs/randomone/RandomEgg1.java,
RandomEgg10,随机十月灵魂,no-image,,,,RandomPetEgg,pd.items.consum.eggs.randomone,core/src/java/pd/items/consum/eggs/randomone/RandomEgg10.java,
RandomEgg11,随机十一月灵魂,no-image,,,,RandomPetEgg,pd.items.consum.eggs.randomone,core/src/java/pd/items/consum/eggs/randomone/RandomEgg11.java,
RandomEgg12,随机十二月灵魂,no-image,,,,RandomPetEgg,pd.items.consum.eggs.randomone,core/src/java/pd/items/consum/eggs/randomone/RandomEgg12.java,
RandomEgg2,随机二月灵魂,no-image,,,,RandomPetEgg,pd.items.consum.eggs.randomone,core/src/java/pd/items/consum/eggs/randomone/RandomEgg2.java,
RandomEgg3,随机三月灵魂,no-image,,,,RandomPetEgg,pd.items.consum.eggs.randomone,core/src/java/pd/items/consum/eggs/randomone/RandomEgg3.java,
RandomEgg4,随机四月灵魂,no-image,,,,RandomPetEgg,pd.items.consum.eggs.randomone,core/src/java/pd/items/consum/eggs/randomone/RandomEgg4.java,
RandomEgg5,随机五月灵魂,no-image,,,,RandomPetEgg,pd.items.consum.eggs.randomone,core/src/java/pd/items/consum/eggs/randomone/RandomEgg5.java,
RandomEgg6,随机六月灵魂,no-image,,,,RandomPetEgg,pd.items.consum.eggs.randomone,core/src/java/pd/items/consum/eggs/randomone/RandomEgg6.java,
RandomEgg7,随机七月灵魂,no-image,,,,RandomPetEgg,pd.items.consum.eggs.randomone,core/src/java/pd/items/consum/eggs/randomone/RandomEgg7.java,
RandomEgg8,随机八月灵魂,no-image,,,,RandomPetEgg,pd.items.consum.eggs.randomone,core/src/java/pd/items/consum/eggs/randomone/RandomEgg8.java,
RandomEgg9,随机九月灵魂,no-image,,,,RandomPetEgg,pd.items.consum.eggs.randomone,core/src/java/pd/items/consum/eggs/randomone/RandomEgg9.java,
RandomMonthEgg,随机月份灵魂,no-image,,,,RandomEgg,pd.items.consum.eggs.randomone,core/src/java/pd/items/consum/eggs/randomone/RandomMonthEgg.java,
RandomPetEgg,,placeholder,SpecificPlaceHolderDict.SOMETHING_0,,,Egg,pd.items.consum.eggs.randomone,core/src/java/pd/items/consum/eggs/randomone/RandomPetEgg.java,
AflyFood,不思议饭团,filled,ConsumFoodFoodDict.AFLY_FOOD,6326,sprites/items/consum/food/food.png,Food,pd.items.consum.food,core/src/java/pd/items/consum/food/AflyFood.java,
Berry,地牢浆果,placeholder,SpecificPlaceHolderDict.SOMETHING_0,,,Food,pd.items.consum.food,core/src/java/pd/items/consum/food/Berry.java,
Blandfruit,无味果,filled,ConsumFoodFoodDict.BLANDFRUIT,6372,sprites/items/consum/food/food.png,Fruit,pd.items.consum.food,core/src/java/pd/items/consum/food/Blandfruit.java,
BugMeat,稽生虫,placeholder,SpecificPlaceHolderDict.SOMETHING_0,,,Food,pd.items.consum.food,core/src/java/pd/items/consum/food/BugMeat.java,
ChargrilledMeat,烤肉,placeholder,SpecificPlaceHolderDict.SOMETHING_0,,,Food,pd.items.consum.food,core/src/java/pd/items/consum/food/ChargrilledMeat.java,
FireMeat,火焰肉,filled,ConsumFoodFoodDict.MEAT,6360,sprites/items/consum/food/food.png,Food,pd.items.consum.food,core/src/java/pd/items/consum/food/FireMeat.java,
FishCracker,鱼饼,placeholder,SpecificPlaceHolderDict.SOMETHING_0,,,Food,pd.items.consum.food,core/src/java/pd/items/consum/food/FishCracker.java,
Food,口粮,placeholder,SpecificPlaceHolderDict.SOMETHING_0,,,Item,pd.items.consum.food,core/src/java/pd/items/consum/food/Food.java,
FrozenCarpaccio,冷冻生肉片,placeholder,SpecificPlaceHolderDict.SOMETHING_0,,,Food,pd.items.consum.food,core/src/java/pd/items/consum/food/FrozenCarpaccio.java,
GoldenNut,受hmdzl001祝福的金色坚果,placeholder,SpecificPlaceHolderDict.SOMETHING_0,,,Fruit,pd.items.consum.food,core/src/java/pd/items/consum/food/GoldenNut.java,
Honey,蜂蜜,placeholder,SpecificPlaceHolderDict.SOMETHING_0,,,Food,pd.items.consum.food,core/src/java/pd/items/consum/food/Honey.java,
MeatPie,全肉大饼,placeholder,SpecificPlaceHolderDict.SOMETHING_0,,,Food,pd.items.consum.food,core/src/java/pd/items/consum/food/MeatPie.java,
MysteryMeat,神秘的肉,filled,ConsumFoodFoodDict.MEAT,6360,sprites/items/consum/food/food.png,Food,pd.items.consum.food,core/src/java/pd/items/consum/food/MysteryMeat.java,
Pasty,馅饼,placeholder,SpecificPlaceHolderDict.SOMETHING_0,,,Food,pd.items.consum.food,core/src/java/pd/items/consum/food/Pasty.java,
PetFood,宠物口粮,filled,ConsumUsefulUsefulDict.PET_FOOD,6671,sprites/items/consum/useful/useful.png,Food,pd.items.consum.food,core/src/java/pd/items/consum/food/PetFood.java,
PhantomMeat,幻影鱼肉,filled,ConsumFoodFoodDict.PHANTOM_MEAT,6366,sprites/items/consum/food/food.png,Food,pd.items.consum.food,core/src/java/pd/items/consum/food/PhantomMeat.java,
SmallMeat,肉干,placeholder,SpecificPlaceHolderDict.SOMETHING_0,,,Food,pd.items.consum.food,core/src/java/pd/items/consum/food/SmallMeat.java,
SmallRation,小包口粮,placeholder,SpecificPlaceHolderDict.SOMETHING_0,,,Food,pd.items.consum.food,core/src/java/pd/items/consum/food/SmallRation.java,
SpsFoodRecipes,,no-image,,,,Recipe,pd.items.consum.food,core/src/java/pd/items/consum/food/SpsFoodRecipes.java,
StewedMeat,炖肉,filled,ConsumFoodFoodDict.STEWED_MEAT,6363,sprites/items/consum/food/food.png,Food,pd.items.consum.food,core/src/java/pd/items/consum/food/StewedMeat.java,
SupplyRation,备用口粮,placeholder,SpecificPlaceHolderDict.SOMETHING_0,,,Food,pd.items.consum.food,core/src/java/pd/items/consum/food/SupplyRation.java,
WaterItem,水,filled,GroundFunctionalFallingDict.DEWDROP_0,7018,sprites/items/ground/functional_falling.png,Food,pd.items.consum.food,core/src/java/pd/items/consum/food/WaterItem.java,
Chickennugget,椒盐鸡块,filled,ConsumFoodFoodDict.CHICKENNUGGET,6337,sprites/items/consum/food/food.png,CompleteFood,pd.items.consum.food.completefood,core/src/java/pd/items/consum/food/completefood/Chickennugget.java,
Chocolate,巧克力,filled,ConsumFoodFoodDict.CHOCOLATE,6344,sprites/items/consum/food/food.png,CompleteFood,pd.items.consum.food.completefood,core/src/java/pd/items/consum/food/completefood/Chocolate.java,
CompleteFood,,no-image,,,,Food,pd.items.consum.food.completefood,core/src/java/pd/items/consum/food/completefood/CompleteFood.java,
FishPetFood,鱼味宠物口粮,placeholder,SpecificPlaceHolderDict.SOMETHING_0,,,PetFood,pd.items.consum.food.completefood,core/src/java/pd/items/consum/food/completefood/FishPetFood.java,
FoodFans,粉丝,placeholder,SpecificPlaceHolderDict.SOMETHING_0,,,CompleteFood,pd.items.consum.food.completefood,core/src/java/pd/items/consum/food/completefood/FoodFans.java,
Frenchfries,薯条,filled,ConsumFoodFoodDict.FRENCH_FRIES,6325,sprites/items/consum/food/food.png,CompleteFood,pd.items.consum.food.completefood,core/src/java/pd/items/consum/food/completefood/Frenchfries.java,
FruitCandy,水果硬糖,filled,ConsumFoodFoodDict.FRUIT_CANDY,6343,sprites/items/consum/food/food.png,CompleteFood,pd.items.consum.food.completefood,core/src/java/pd/items/consum/food/completefood/FruitCandy.java,
Fruitsalad,水果沙拉,placeholder,SpecificPlaceHolderDict.SOMETHING_0,,,CompleteFood,pd.items.consum.food.completefood,core/src/java/pd/items/consum/food/completefood/Fruitsalad.java,
Gel,凝胶,placeholder,SpecificPlaceHolderDict.SOMETHING_0,,,CompleteFood,pd.items.consum.food.completefood,core/src/java/pd/items/consum/food/completefood/Gel.java,
Hamburger,巨无霸汉堡,filled,ConsumFoodFoodDict.HAMBURGER,6315,sprites/items/consum/food/food.png,CompleteFood,pd.items.consum.food.completefood,core/src/java/pd/items/consum/food/completefood/Hamburger.java,
Herbmeat,药草酱肉,placeholder,SpecificPlaceHolderDict.SOMETHING_0,,,CompleteFood,pd.items.consum.food.completefood,core/src/java/pd/items/consum/food/completefood/Herbmeat.java,
HoneyGel,蜂蜜布丁,placeholder,SpecificPlaceHolderDict.SOMETHING_0,,,CompleteFood,pd.items.consum.food.completefood,core/src/java/pd/items/consum/food/completefood/HoneyGel.java,
Honeymeat,蜜汁肉排,placeholder,SpecificPlaceHolderDict.SOMETHING_0,,,CompleteFood,pd.items.consum.food.completefood,core/src/java/pd/items/consum/food/completefood/Honeymeat.java,
Honeyrice,蜂蜜拌饭,filled,ConsumFoodFoodDict.HONEY_RICE,6356,sprites/items/consum/food/food.png,CompleteFood,pd.items.consum.food.completefood,core/src/java/pd/items/consum/food/completefood/Honeyrice.java,
HoneyWater,蜂糖水,placeholder,SpecificPlaceHolderDict.SOMETHING_0,,,CompleteFood,pd.items.consum.food.completefood,core/src/java/pd/items/consum/food/completefood/HoneyWater.java,
Icecream,冰雪盛宴,filled,ConsumFoodFoodDict.ICECREAM,6357,sprites/items/consum/food/food.png,CompleteFood,pd.items.consum.food.completefood,core/src/java/pd/items/consum/food/completefood/Icecream.java,
Kebab,大肉串,filled,ConsumFoodFoodDict.KEBAB,6339,sprites/items/consum/food/food.png,CompleteFood,pd.items.consum.food.completefood,core/src/java/pd/items/consum/food/completefood/Kebab.java,
Meatroll,肉卷,placeholder,SpecificPlaceHolderDict.SOMETHING_0,,,CompleteFood,pd.items.consum.food.completefood,core/src/java/pd/items/consum/food/completefood/Meatroll.java,
Mediummeat,七分熟肉排,placeholder,SpecificPlaceHolderDict.SOMETHING_0,,,CompleteFood,pd.items.consum.food.completefood,core/src/java/pd/items/consum/food/completefood/Mediummeat.java,
MixPizza,混合披萨,placeholder,SpecificPlaceHolderDict.SOMETHING_0,,,CompleteFood,pd.items.consum.food.completefood,core/src/java/pd/items/consum/food/completefood/MixPizza.java,
MoonCake,月饼,filled,ConsumFoodFoodDict.MOON_CAKE,6314,sprites/items/consum/food/food.png,CompleteFood,pd.items.consum.food.completefood,core/src/java/pd/items/consum/food/completefood/MoonCake.java,
NutCake,坚果布丁,filled,ConsumFoodFoodDict.NUT_CAKE,6359,sprites/items/consum/food/food.png,CompleteFood,pd.items.consum.food.completefood,core/src/java/pd/items/consum/food/completefood/NutCake.java,
NutCookie,坚果饼干,filled,ConsumFoodFoodDict.NUT_COOKIE,6340,sprites/items/consum/food/food.png,CompleteFood,pd.items.consum.food.completefood,core/src/java/pd/items/consum/food/completefood/NutCookie.java,
PerfectFood,完美便当,placeholder,SpecificPlaceHolderDict.SOMETHING_0,,,CompleteFood,pd.items.consum.food.completefood,core/src/java/pd/items/consum/food/completefood/PerfectFood.java,
PetFood,宠物口粮,filled,ConsumUsefulUsefulDict.PET_FOOD,6671,sprites/items/consum/useful/useful.png,CompleteFood,pd.items.consum.food.completefood,core/src/java/pd/items/consum/food/completefood/PetFood.java,
Porksoup,排骨汤,placeholder,SpecificPlaceHolderDict.SOMETHING_0,,,CompleteFood,pd.items.consum.food.completefood,core/src/java/pd/items/consum/food/completefood/Porksoup.java,
Ricefood,精制米饭,filled,ConsumFoodFoodDict.RICE_FOOD,6310,sprites/items/consum/food/food.png,CompleteFood,pd.items.consum.food.completefood,core/src/java/pd/items/consum/food/completefood/Ricefood.java,
RiceGruel,米粥,filled,ConsumFoodFoodDict.RICE_GRUEL,6311,sprites/items/consum/food/food.png,CompleteFood,pd.items.consum.food.completefood,core/src/java/pd/items/consum/food/completefood/RiceGruel.java,
Sishimi,生鱼片,filled,ConsumFoodFoodDict.MEAT,6360,sprites/items/consum/food/food.png,CompleteFood,pd.items.consum.food.completefood,core/src/java/pd/items/consum/food/completefood/Sishimi.java,
Vegetablekebab,大菜串,filled,ConsumFoodFoodDict.KEBAB,6339,sprites/items/consum/food/food.png,CompleteFood,pd.items.consum.food.completefood,core/src/java/pd/items/consum/food/completefood/Vegetablekebab.java,
Vegetableroll,菜卷,placeholder,SpecificPlaceHolderDict.SOMETHING_0,,,CompleteFood,pd.items.consum.food.completefood,core/src/java/pd/items/consum/food/completefood/Vegetableroll.java,
Vegetablesoup,菜汤,filled,ConsumFoodFoodDict.VEGETABLE_SOUP,6323,sprites/items/consum/food/food.png,CompleteFood,pd.items.consum.food.completefood,core/src/java/pd/items/consum/food/completefood/Vegetablesoup.java,
YearFood,年糕,placeholder,SpecificPlaceHolderDict.SOMETHING_0,,,CompleteFood,pd.items.consum.food.completefood,core/src/java/pd/items/consum/food/completefood/YearFood.java,
ZongZi,粽子,filled,ConsumFoodFoodDict.ZONGZI,6329,sprites/items/consum/food/food.png,CompleteFood,pd.items.consum.food.completefood,core/src/java/pd/items/consum/food/completefood/ZongZi.java,
Blackberry,粉色浆果,filled,ConsumFoodFoodDict.BLACKBERRY,6367,sprites/items/consum/food/food.png,Fruit,pd.items.consum.food.fruit,core/src/java/pd/items/consum/food/fruit/Blackberry.java,
Blueberry,蓝色浆果,filled,ConsumFoodFoodDict.BLUEBERRY,6369,sprites/items/consum/food/food.png,Fruit,pd.items.consum.food.fruit,core/src/java/pd/items/consum/food/fruit/Blueberry.java,
Cherry,樱桃,filled,ConsumFoodFoodDict.CHERRY,6379,sprites/items/consum/food/food.png,Fruit,pd.items.consum.food.fruit,core/src/java/pd/items/consum/food/fruit/Cherry.java,
Cloudberry,红色浆果,filled,ConsumFoodFoodDict.CLOUDBERRY,6368,sprites/items/consum/food/food.png,Fruit,pd.items.consum.food.fruit,core/src/java/pd/items/consum/food/fruit/Cloudberry.java,
Durian,榴莲,filled,ConsumPotionSeedSeedDict.DURIAN,6490,sprites/items/consum/potion_seed/seed.png,Fruit,pd.items.consum.food.fruit,core/src/java/pd/items/consum/food/fruit/Durian.java,
Fruit,,placeholder,SpecificPlaceHolderDict.SOMETHING_0,,,Food,pd.items.consum.food.fruit,core/src/java/pd/items/consum/food/fruit/Fruit.java,
FullMoonberry,满月浆果,filled,ConsumFoodFoodDict.FULLMOONBERRY,6371,sprites/items/consum/food/food.png,Fruit,pd.items.consum.food.fruit,core/src/java/pd/items/consum/food/fruit/FullMoonberry.java,
Moonberry,青色浆果,filled,ConsumFoodFoodDict.MOONBERRY,6370,sprites/items/consum/food/food.png,Fruit,pd.items.consum.food.fruit,core/src/java/pd/items/consum/food/fruit/Moonberry.java,
Strawberry,草莓,filled,ConsumFoodFoodDict.STRAWBERRY,6378,sprites/items/consum/food/food.png,Fruit,pd.items.consum.food.fruit,core/src/java/pd/items/consum/food/fruit/Strawberry.java,
Nut,节庆坚果,placeholder,SpecificPlaceHolderDict.SOMETHING_0,,,Food,pd.items.consum.food.fusion,core/src/java/pd/items/consum/food/fusion/Nut.java,
DarkMeat,腐蚀肉,filled,ConsumFoodFoodDict.MEAT,6360,sprites/items/consum/food/food.png,MeatFood,pd.items.consum.food.meatfood,core/src/java/pd/items/consum/food/meatfood/DarkMeat.java,
EarthMeat,腌制扣肉,filled,ConsumFoodFoodDict.MEAT,6360,sprites/items/consum/food/food.png,MeatFood,pd.items.consum.food.meatfood,core/src/java/pd/items/consum/food/meatfood/EarthMeat.java,
FireMeat,烤肉排,filled,ConsumFoodFoodDict.MEAT,6360,sprites/items/consum/food/food.png,MeatFood,pd.items.consum.food.meatfood,core/src/java/pd/items/consum/food/meatfood/FireMeat.java,
FunnyFood,吮指原味稽,placeholder,SpecificPlaceHolderDict.SOMETHING_0,,,MeatFood,pd.items.consum.food.meatfood,core/src/java/pd/items/consum/food/meatfood/FunnyFood.java,
HarmPoop,有害秽物,filled,ConsumFoodFoodDict.MEAT,6360,sprites/items/consum/food/food.png,MeatFood,pd.items.consum.food.meatfood,core/src/java/pd/items/consum/food/meatfood/HarmPoop.java,
IceMeat,冻肉片,filled,ConsumFoodFoodDict.MEAT,6360,sprites/items/consum/food/food.png,MeatFood,pd.items.consum.food.meatfood,core/src/java/pd/items/consum/food/meatfood/IceMeat.java,
LightMeat,腊肉条,filled,ConsumFoodFoodDict.MEAT,6360,sprites/items/consum/food/food.png,MeatFood,pd.items.consum.food.meatfood,core/src/java/pd/items/consum/food/meatfood/LightMeat.java,
Meat,生肉,filled,ConsumFoodFoodDict.MEAT,6360,sprites/items/consum/food/food.png,MeatFood,pd.items.consum.food.meatfood,core/src/java/pd/items/consum/food/meatfood/Meat.java,
MeatFood,,filled,ConsumFoodFoodDict.MEAT,6360,sprites/items/consum/food/food.png,Food,pd.items.consum.food.meatfood,core/src/java/pd/items/consum/food/meatfood/MeatFood.java,
ShockMeat,炸里脊,filled,ConsumFoodFoodDict.MEAT,6360,sprites/items/consum/food/food.png,MeatFood,pd.items.consum.food.meatfood,core/src/java/pd/items/consum/food/meatfood/ShockMeat.java,
NormalRation,干粮包,placeholder,SpecificPlaceHolderDict.SOMETHING_0,,,StapleFood,pd.items.consum.food.staplefood,core/src/java/pd/items/consum/food/staplefood/NormalRation.java,
OverpricedRation,干粮小包,placeholder,SpecificPlaceHolderDict.SOMETHING_0,,,StapleFood,pd.items.consum.food.staplefood,core/src/java/pd/items/consum/food/staplefood/OverpricedRation.java,
Pasty,,no-image,,,,StapleFood,pd.items.consum.food.staplefood,core/src/java/pd/items/consum/food/staplefood/Pasty.java,
StapleFood,,placeholder,SpecificPlaceHolderDict.SOMETHING_0,,,Food,pd.items.consum.food.staplefood,core/src/java/pd/items/consum/food/staplefood/StapleFood.java,
BattleFlower,星花瓣,placeholder,SpecificPlaceHolderDict.SOMETHING_0,,,Vegetable,pd.items.consum.food.vegetable,core/src/java/pd/items/consum/food/vegetable/BattleFlower.java,
BrewLeft,酿造残渣,filled,ConsumPotionSeedBasicPotionDict.BREW_LEFT,6465,sprites/items/consum/potion_seed/basic_potion.png,Vegetable,pd.items.consum.food.vegetable,core/src/java/pd/items/consum/food/vegetable/BrewLeft.java,
DreamLeaf,好梦叶,filled,ConsumPotionSeedSeedDict.DREAM_LEAF,6497,sprites/items/consum/potion_seed/seed.png,Vegetable,pd.items.consum.food.vegetable,core/src/java/pd/items/consum/food/vegetable/DreamLeaf.java,
HealGrass,治疗草,placeholder,SpecificPlaceHolderDict.SOMETHING_0,,,Vegetable,pd.items.consum.food.vegetable,core/src/java/pd/items/consum/food/vegetable/HealGrass.java,
NutVegetable,坚果藤,filled,ConsumPotionSeedSeedDict.NUT_VEGETABLE,6499,sprites/items/consum/potion_seed/seed.png,Vegetable,pd.items.consum.food.vegetable,core/src/java/pd/items/consum/food/vegetable/NutVegetable.java,
Truffles,松露,placeholder,SpecificPlaceHolderDict.SOMETHING_0,,,Vegetable,pd.items.consum.food.vegetable,core/src/java/pd/items/consum/food/vegetable/Truffles.java,
Vegetable,,placeholder,SpecificPlaceHolderDict.SOMETHING_0,,,Food,pd.items.consum.food.vegetable,core/src/java/pd/items/consum/food/vegetable/Vegetable.java,
BlueMilk,蓝奶伞,placeholder,SpecificPlaceHolderDict.SOMETHING_0,,,Pill,pd.items.consum.medicine,core/src/java/pd/items/consum/medicine/BlueMilk.java,
DeathCap,致死帽,placeholder,SpecificPlaceHolderDict.SOMETHING_0,,,Pill,pd.items.consum.medicine,core/src/java/pd/items/consum/medicine/DeathCap.java,
Earthstar,地裂星,placeholder,SpecificPlaceHolderDict.SOMETHING_0,,,Pill,pd.items.consum.medicine,core/src/java/pd/items/consum/medicine/Earthstar.java,
Foamedbeverage,发泡饮料,placeholder,SpecificPlaceHolderDict.SOMETHING_0,,,Pill,pd.items.consum.medicine,core/src/java/pd/items/consum/medicine/Foamedbeverage.java,
GoldenJelly,凝胶团,placeholder,SpecificPlaceHolderDict.SOMETHING_0,,,Pill,pd.items.consum.medicine,core/src/java/pd/items/consum/medicine/GoldenJelly.java,
Greaterpill,生血丸,placeholder,SpecificPlaceHolderDict.SOMETHING_0,,,Pill,pd.items.consum.medicine,core/src/java/pd/items/consum/medicine/Greaterpill.java,
GreenSpore,绿菌孢,placeholder,SpecificPlaceHolderDict.SOMETHING_0,,,Pill,pd.items.consum.medicine,core/src/java/pd/items/consum/medicine/GreenSpore.java,
Hardpill,硬化药丸,placeholder,SpecificPlaceHolderDict.SOMETHING_0,,,Pill,pd.items.consum.medicine,core/src/java/pd/items/consum/medicine/Hardpill.java,
JackOLantern,灯笼球,placeholder,SpecificPlaceHolderDict.SOMETHING_0,,,Pill,pd.items.consum.medicine,core/src/java/pd/items/consum/medicine/JackOLantern.java,
LingPotion,澪祷星瓶,placeholder,SpecificPlaceHolderDict.SOMETHING_0,,,Pill,pd.items.consum.medicine,core/src/java/pd/items/consum/medicine/LingPotion.java,
MagicPill,奥术药丸,placeholder,SpecificPlaceHolderDict.SOMETHING_0,,,Pill,pd.items.consum.medicine,core/src/java/pd/items/consum/medicine/MagicPill.java,
MendingTonic,修复补剂,filled,ConsumPotionSeedBasicPotionDict.POTION_CRIMSON_0,6424,sprites/items/consum/potion_seed/basic_potion.png,Item,pd.items.consum.medicine,core/src/java/pd/items/consum/medicine/MendingTonic.java,
Musicpill,节奏药丸,placeholder,SpecificPlaceHolderDict.SOMETHING_0,,,Pill,pd.items.consum.medicine,core/src/java/pd/items/consum/medicine/Musicpill.java,
Pill,药丸,filled,ConsumPotionSeedBasicPotionDict.POTION_EXP_0,6435,sprites/items/consum/potion_seed/basic_potion.png,Item,pd.items.consum.medicine,core/src/java/pd/items/consum/medicine/Pill.java,
PixieParasol,单色块,placeholder,SpecificPlaceHolderDict.SOMETHING_0,,,Pill,pd.items.consum.medicine,core/src/java/pd/items/consum/medicine/PixieParasol.java,
Powerpill,力量药丸,placeholder,SpecificPlaceHolderDict.SOMETHING_0,,,Pill,pd.items.consum.medicine,core/src/java/pd/items/consum/medicine/Powerpill.java,
RealgarWine,雄黄酒,placeholder,SpecificPlaceHolderDict.SOMETHING_0,,,Pill,pd.items.consum.medicine,core/src/java/pd/items/consum/medicine/RealgarWine.java,
Shootpill,神射药丸,placeholder,SpecificPlaceHolderDict.SOMETHING_0,,,Pill,pd.items.consum.medicine,core/src/java/pd/items/consum/medicine/Shootpill.java,
Smashpill,增幅药丸,placeholder,SpecificPlaceHolderDict.SOMETHING_0,,,Pill,pd.items.consum.medicine,core/src/java/pd/items/consum/medicine/Smashpill.java,
TimePill,时之块,filled,GroundFunctionalFallingDict.SANDBAG_0,7024,sprites/items/ground/functional_falling.png,Pill,pd.items.consum.medicine,core/src/java/pd/items/consum/medicine/TimePill.java,
Timepill2,时之块-发条型,filled,GroundFunctionalFallingDict.SANDBAG_0,7024,sprites/items/ground/functional_falling.png,Pill,pd.items.consum.medicine,core/src/java/pd/items/consum/medicine/Timepill2.java,
Potion,,placeholder,SpecificPlaceHolderDict.POTION_HOLDER_0,,,Item,pd.items.consum.potions,core/src/java/pd/items/consum/potions/Potion.java,
PotionOfExperience,经验药剂,no-image,,,,Potion,pd.items.consum.potions,core/src/java/pd/items/consum/potions/PotionOfExperience.java,
PotionOfFrost,冰霜药剂,no-image,,,,Potion,pd.items.consum.potions,core/src/java/pd/items/consum/potions/PotionOfFrost.java,
PotionOfHaste,极速药剂,no-image,,,,Potion,pd.items.consum.potions,core/src/java/pd/items/consum/potions/PotionOfHaste.java,
PotionOfHealing,治疗药剂,no-image,,,,Potion,pd.items.consum.potions,core/src/java/pd/items/consum/potions/PotionOfHealing.java,
PotionOfInvisibility,隐形药剂,no-image,,,,Potion,pd.items.consum.potions,core/src/java/pd/items/consum/potions/PotionOfInvisibility.java,
PotionOfLevitation,浮空药剂,no-image,,,,Potion,pd.items.consum.potions,core/src/java/pd/items/consum/potions/PotionOfLevitation.java,
PotionOfLiquidFlame,液火药剂,no-image,,,,Potion,pd.items.consum.potions,core/src/java/pd/items/consum/potions/PotionOfLiquidFlame.java,
PotionOfMending,恢复药水,placeholder,SpecificPlaceHolderDict.SOMETHING_0,,,SpsPotion,pd.items.consum.potions,core/src/java/pd/items/consum/potions/PotionOfMending.java,
PotionOfMight,根骨药水,placeholder,SpecificPlaceHolderDict.SOMETHING_0,,,SpsPotion,pd.items.consum.potions,core/src/java/pd/items/consum/potions/PotionOfMight.java,
PotionOfMindVision,灵视药剂,no-image,,,,Potion,pd.items.consum.potions,core/src/java/pd/items/consum/potions/PotionOfMindVision.java,
PotionOfMixing,调和药水,placeholder,SpecificPlaceHolderDict.SOMETHING_0,,,SpsPotion,pd.items.consum.potions,core/src/java/pd/items/consum/potions/PotionOfMixing.java,
PotionOfOverHealing,生命药水,placeholder,SpecificPlaceHolderDict.SOMETHING_0,,,SpsPotion,pd.items.consum.potions,core/src/java/pd/items/consum/potions/PotionOfOverHealing.java,
PotionOfParalyticGas,麻痹药剂,no-image,,,,Potion,pd.items.consum.potions,core/src/java/pd/items/consum/potions/PotionOfParalyticGas.java,
PotionOfPurity,净化药剂,no-image,,,,Potion,pd.items.consum.potions,core/src/java/pd/items/consum/potions/PotionOfPurity.java,
PotionOfShield,护盾药水,placeholder,SpecificPlaceHolderDict.SOMETHING_0,,,SpsPotion,pd.items.consum.potions,core/src/java/pd/items/consum/potions/PotionOfShield.java,
PotionOfStrength,力量药剂,no-image,,,,Potion,pd.items.consum.potions,core/src/java/pd/items/consum/potions/PotionOfStrength.java,
PotionOfToxicGas,毒气药剂,no-image,,,,Potion,pd.items.consum.potions,core/src/java/pd/items/consum/potions/PotionOfToxicGas.java,
SpsPotion,,no-image,,,,Potion,pd.items.consum.potions,core/src/java/pd/items/consum/potions/SpsPotion.java,
AquaBrew,水爆魔药,filled,ConsumPotionSeedBasicPotionDict.BREW_AQUA_0,6464,sprites/items/consum/potion_seed/basic_potion.png,Brew,pd.items.consum.potions.brews,core/src/java/pd/items/consum/potions/brews/AquaBrew.java,
BlizzardBrew,冰暴魔药,filled,ConsumPotionSeedBasicPotionDict.BREW_BLIZZARD_0,6461,sprites/items/consum/potion_seed/basic_potion.png,Brew,pd.items.consum.potions.brews,core/src/java/pd/items/consum/potions/brews/BlizzardBrew.java,
Brew,,no-image,,,,Potion,pd.items.consum.potions.brews,core/src/java/pd/items/consum/potions/brews/Brew.java,
CausticBrew,淤泥魔药,filled,ConsumPotionSeedBasicPotionDict.BREW_CAUSTIC_0,6463,sprites/items/consum/potion_seed/basic_potion.png,Brew,pd.items.consum.potions.brews,core/src/java/pd/items/consum/potions/brews/CausticBrew.java,
InfernalBrew,炼狱魔药,filled,ConsumPotionSeedBasicPotionDict.BREW_INFERNAL_0,6460,sprites/items/consum/potion_seed/basic_potion.png,Brew,pd.items.consum.potions.brews,core/src/java/pd/items/consum/potions/brews/InfernalBrew.java,
ShockingBrew,雷鸣魔药,filled,ConsumPotionSeedBasicPotionDict.BREW_SHOCKING_0,6462,sprites/items/consum/potion_seed/basic_potion.png,Brew,pd.items.consum.potions.brews,core/src/java/pd/items/consum/potions/brews/ShockingBrew.java,
UnstableBrew,紊乱魔药,filled,ConsumPotionSeedBasicPotionDict.BREW_UNSTABLE_0,6450,sprites/items/consum/potion_seed/basic_potion.png,Brew,pd.items.consum.potions.brews,core/src/java/pd/items/consum/potions/brews/UnstableBrew.java,
Elixir,,no-image,,,,Potion,pd.items.consum.potions.elixirs,core/src/java/pd/items/consum/potions/elixirs/Elixir.java,
ElixirOfAquaticRejuvenation,水灵秘药,filled,ConsumPotionSeedBasicPotionDict.ELIXIR_AQUA_0,6466,sprites/items/consum/potion_seed/basic_potion.png,Elixir,pd.items.consum.potions.elixirs,core/src/java/pd/items/consum/potions/elixirs/ElixirOfAquaticRejuvenation.java,
ElixirOfArcaneArmor,抗魔秘药,filled,ConsumPotionSeedBasicPotionDict.ELIXIR_ARCANE_0,6471,sprites/items/consum/potion_seed/basic_potion.png,Elixir,pd.items.consum.potions.elixirs,core/src/java/pd/items/consum/potions/elixirs/ElixirOfArcaneArmor.java,
ElixirOfDragonsBlood,龙血秘药,filled,ConsumPotionSeedBasicPotionDict.ELIXIR_DRAGON_0,6468,sprites/items/consum/potion_seed/basic_potion.png,Elixir,pd.items.consum.potions.elixirs,core/src/java/pd/items/consum/potions/elixirs/ElixirOfDragonsBlood.java,
ElixirOfFeatherFall,羽落秘药,filled,ConsumPotionSeedBasicPotionDict.ELIXIR_FEATHER_0,6472,sprites/items/consum/potion_seed/basic_potion.png,Elixir,pd.items.consum.potions.elixirs,core/src/java/pd/items/consum/potions/elixirs/ElixirOfFeatherFall.java,
ElixirOfHoneyedHealing,圣愈蜜药,placeholder,SpecificPlaceHolderDict.SOMETHING_0,,,Elixir,pd.items.consum.potions.elixirs,core/src/java/pd/items/consum/potions/elixirs/ElixirOfHoneyedHealing.java,
ElixirOfIcyTouch,晶触秘药,filled,ConsumPotionSeedBasicPotionDict.ELIXIR_ICY_0,6470,sprites/items/consum/potion_seed/basic_potion.png,Elixir,pd.items.consum.potions.elixirs,core/src/java/pd/items/consum/potions/elixirs/ElixirOfIcyTouch.java,
ElixirOfMight,根骨秘药,filled,ConsumPotionSeedBasicPotionDict.ELIXIR_MIGHT_0,6467,sprites/items/consum/potion_seed/basic_potion.png,Elixir,pd.items.consum.potions.elixirs,core/src/java/pd/items/consum/potions/elixirs/ElixirOfMight.java,
ElixirOfToxicEssence,毒粹秘药,filled,ConsumPotionSeedBasicPotionDict.ELIXIR_TOXIC_0,6469,sprites/items/consum/potion_seed/basic_potion.png,Elixir,pd.items.consum.potions.elixirs,core/src/java/pd/items/consum/potions/elixirs/ElixirOfToxicEssence.java,
ExoticPotion,,no-image,,,,Potion,pd.items.consum.potions.exotic,core/src/java/pd/items/consum/potions/exotic/ExoticPotion.java,
PotionOfCleansing,全面净化合剂,no-image,,,,ExoticPotion,pd.items.consum.potions.exotic,core/src/java/pd/items/consum/potions/exotic/PotionOfCleansing.java,
PotionOfCorrosiveGas,腐蚀酸雾合剂,no-image,,,,ExoticPotion,pd.items.consum.potions.exotic,core/src/java/pd/items/consum/potions/exotic/PotionOfCorrosiveGas.java,
PotionOfDivineInspiration,神意启发合剂,no-image,,,,ExoticPotion,pd.items.consum.potions.exotic,core/src/java/pd/items/consum/potions/exotic/PotionOfDivineInspiration.java,
PotionOfDragonsBreath,火龙吐息合剂,no-image,,,,ExoticPotion,pd.items.consum.potions.exotic,core/src/java/pd/items/consum/potions/exotic/PotionOfDragonsBreath.java,
PotionOfEarthenArmor,大地护甲合剂,no-image,,,,ExoticPotion,pd.items.consum.potions.exotic,core/src/java/pd/items/consum/potions/exotic/PotionOfEarthenArmor.java,
PotionOfMagicalSight,魔能透视合剂,no-image,,,,ExoticPotion,pd.items.consum.potions.exotic,core/src/java/pd/items/consum/potions/exotic/PotionOfMagicalSight.java,
PotionOfMastery,肌肉记忆合剂,no-image,,,,ExoticPotion,pd.items.consum.potions.exotic,core/src/java/pd/items/consum/potions/exotic/PotionOfMastery.java,
PotionOfShielding,奥术护盾合剂,no-image,,,,ExoticPotion,pd.items.consum.potions.exotic,core/src/java/pd/items/consum/potions/exotic/PotionOfShielding.java,
PotionOfShroudingFog,暗夜迷雾合剂,no-image,,,,ExoticPotion,pd.items.consum.potions.exotic,core/src/java/pd/items/consum/potions/exotic/PotionOfShroudingFog.java,
PotionOfSnapFreeze,极速冰冻合剂,no-image,,,,ExoticPotion,pd.items.consum.potions.exotic,core/src/java/pd/items/consum/potions/exotic/PotionOfSnapFreeze.java,
PotionOfStamina,精力回复合剂,no-image,,,,ExoticPotion,pd.items.consum.potions.exotic,core/src/java/pd/items/consum/potions/exotic/PotionOfStamina.java,
PotionOfStormClouds,暴风骤雨合剂,no-image,,,,ExoticPotion,pd.items.consum.potions.exotic,core/src/java/pd/items/consum/potions/exotic/PotionOfStormClouds.java,
InventoryScroll,,no-image,,,,Scroll,pd.items.consum.scrolls,core/src/java/pd/items/consum/scrolls/InventoryScroll.java,
Scroll,,placeholder,SpecificPlaceHolderDict.SCROLL_HOLDER_0,,,Item,pd.items.consum.scrolls,core/src/java/pd/items/consum/scrolls/Scroll.java,
ScrollOfDummy,玩偶卷轴,no-image,,,,Scroll,pd.items.consum.scrolls,core/src/java/pd/items/consum/scrolls/ScrollOfDummy.java,
ScrollOfIdentify,鉴定卷轴,no-image,,,,InventoryScroll,pd.items.consum.scrolls,core/src/java/pd/items/consum/scrolls/ScrollOfIdentify.java,
ScrollOfLullaby,催眠卷轴,no-image,,,,Scroll,pd.items.consum.scrolls,core/src/java/pd/items/consum/scrolls/ScrollOfLullaby.java,
ScrollOfMagicalInfusion,魔力灌注卷轴,no-image,,,,InventoryScroll,pd.items.consum.scrolls,core/src/java/pd/items/consum/scrolls/ScrollOfMagicalInfusion.java,
ScrollOfMagicMapping,探地卷轴,no-image,,,,Scroll,pd.items.consum.scrolls,core/src/java/pd/items/consum/scrolls/ScrollOfMagicMapping.java,
ScrollOfMirrorImage,镜像卷轴,no-image,,,,Scroll,pd.items.consum.scrolls,core/src/java/pd/items/consum/scrolls/ScrollOfMirrorImage.java,
ScrollOfPsionicBlast,灵能汲取卷轴,no-image,,,,Scroll,pd.items.consum.scrolls,core/src/java/pd/items/consum/scrolls/ScrollOfPsionicBlast.java,
ScrollOfRage,盛怒卷轴,no-image,,,,Scroll,pd.items.consum.scrolls,core/src/java/pd/items/consum/scrolls/ScrollOfRage.java,
ScrollOfRecharging,充能卷轴,no-image,,,,Scroll,pd.items.consum.scrolls,core/src/java/pd/items/consum/scrolls/ScrollOfRecharging.java,
ScrollOfRegrowth,再生卷轴,no-image,,,,Scroll,pd.items.consum.scrolls,core/src/java/pd/items/consum/scrolls/ScrollOfRegrowth.java,
ScrollOfRemoveCurse,祛邪卷轴,no-image,,,,InventoryScroll,pd.items.consum.scrolls,core/src/java/pd/items/consum/scrolls/ScrollOfRemoveCurse.java,
ScrollOfRetribution,复仇卷轴,no-image,,,,Scroll,pd.items.consum.scrolls,core/src/java/pd/items/consum/scrolls/ScrollOfRetribution.java,
ScrollOfTeleportation,传送卷轴,no-image,,,,Scroll,pd.items.consum.scrolls,core/src/java/pd/items/consum/scrolls/ScrollOfTeleportation.java,
ScrollOfTerror,恐惧卷轴,no-image,,,,Scroll,pd.items.consum.scrolls,core/src/java/pd/items/consum/scrolls/ScrollOfTerror.java,
ScrollOfTransmutation,嬗变卷轴,no-image,,,,InventoryScroll,pd.items.consum.scrolls,core/src/java/pd/items/consum/scrolls/ScrollOfTransmutation.java,
ScrollOfUpgrade,升级卷轴,no-image,,,,InventoryScroll,pd.items.consum.scrolls,core/src/java/pd/items/consum/scrolls/ScrollOfUpgrade.java,
ExoticScroll,,no-image,,,,Scroll,pd.items.consum.scrolls.exotic,core/src/java/pd/items/consum/scrolls/exotic/ExoticScroll.java,
ScrollOfAntiMagic,驱魔秘卷,no-image,,,,ExoticScroll,pd.items.consum.scrolls.exotic,core/src/java/pd/items/consum/scrolls/exotic/ScrollOfAntiMagic.java,
ScrollOfChallenge,决斗秘卷,no-image,,,,ExoticScroll,pd.items.consum.scrolls.exotic,core/src/java/pd/items/consum/scrolls/exotic/ScrollOfChallenge.java,
ScrollOfDivination,预知秘卷,no-image,,,,ExoticScroll,pd.items.consum.scrolls.exotic,core/src/java/pd/items/consum/scrolls/exotic/ScrollOfDivination.java,
ScrollOfDread,梦魇秘卷,no-image,,,,ExoticScroll,pd.items.consum.scrolls.exotic,core/src/java/pd/items/consum/scrolls/exotic/ScrollOfDread.java,
ScrollOfEnchantment,注魔秘卷,no-image,,,,ExoticScroll,pd.items.consum.scrolls.exotic,core/src/java/pd/items/consum/scrolls/exotic/ScrollOfEnchantment.java,
ScrollOfForesight,先见秘卷,no-image,,,,ExoticScroll,pd.items.consum.scrolls.exotic,core/src/java/pd/items/consum/scrolls/exotic/ScrollOfForesight.java,
ScrollOfMetamorphosis,蜕变秘卷,no-image,,,,ExoticScroll,pd.items.consum.scrolls.exotic,core/src/java/pd/items/consum/scrolls/exotic/ScrollOfMetamorphosis.java,
ScrollOfMysticalEnergy,魔能秘卷,no-image,,,,ExoticScroll,pd.items.consum.scrolls.exotic,core/src/java/pd/items/consum/scrolls/exotic/ScrollOfMysticalEnergy.java,
ScrollOfPassage,归返秘卷,no-image,,,,ExoticScroll,pd.items.consum.scrolls.exotic,core/src/java/pd/items/consum/scrolls/exotic/ScrollOfPassage.java,
ScrollOfPrismaticImage,虹卫秘卷,no-image,,,,ExoticScroll,pd.items.consum.scrolls.exotic,core/src/java/pd/items/consum/scrolls/exotic/ScrollOfPrismaticImage.java,
ScrollOfPsionicBlast,灵爆秘卷,no-image,,,,ExoticScroll,pd.items.consum.scrolls.exotic,core/src/java/pd/items/consum/scrolls/exotic/ScrollOfPsionicBlast.java,
ScrollOfSirensSong,魅音秘卷,no-image,,,,ExoticScroll,pd.items.consum.scrolls.exotic,core/src/java/pd/items/consum/scrolls/exotic/ScrollOfSirensSong.java,
Alchemize,炼金菱晶,filled,ConsumScrollAmuletCrystalDict.ALCHEMIZE_0,6521,sprites/items/consum/scroll_amulet/crystal.png,Spell,pd.items.consum.spells,core/src/java/pd/items/consum/spells/Alchemize.java,
BeaconOfReturning,返回晶柱,filled,ConsumScrollAmuletCrystalDict.RETURN_BEACON_0,6524,sprites/items/consum/scroll_amulet/crystal.png,Spell,pd.items.consum.spells,core/src/java/pd/items/consum/spells/BeaconOfReturning.java,
CurseInfusion,诅咒菱晶,filled,ConsumScrollAmuletCrystalDict.CURSE_INFUSE_0,6519,sprites/items/consum/scroll_amulet/crystal.png,InventorySpell,pd.items.consum.spells,core/src/java/pd/items/consum/spells/CurseInfusion.java,
InventorySpell,,no-image,,,,Spell,pd.items.consum.spells,core/src/java/pd/items/consum/spells/InventorySpell.java,
MagicalInfusion,注魔菱晶,filled,ConsumScrollAmuletCrystalDict.MAGIC_INFUSE_0,6520,sprites/items/consum/scroll_amulet/crystal.png,InventorySpell,pd.items.consum.spells,core/src/java/pd/items/consum/spells/MagicalInfusion.java,
PhaseShift,转移结晶,filled,ConsumScrollAmuletCrystalDict.PHASE_SHIFT_0,6516,sprites/items/consum/scroll_amulet/crystal.png,TargetedSpell,pd.items.consum.spells,core/src/java/pd/items/consum/spells/PhaseShift.java,
ReclaimTrap,陷阱晶柱,filled,ConsumScrollAmuletCrystalDict.RECLAIM_TRAP_0,6523,sprites/items/consum/scroll_amulet/crystal.png,TargetedSpell,pd.items.consum.spells,core/src/java/pd/items/consum/spells/ReclaimTrap.java,
Recycle,转换菱晶,filled,ConsumScrollAmuletCrystalDict.RECYCLE_0,6522,sprites/items/consum/scroll_amulet/crystal.png,InventorySpell,pd.items.consum.spells,core/src/java/pd/items/consum/spells/Recycle.java,
Spell,,no-image,,,,Item,pd.items.consum.spells,core/src/java/pd/items/consum/spells/Spell.java,
SummonElemental,唤魔晶柱,filled,ConsumScrollAmuletCrystalDict.SUMMON_ELE_0,6525,sprites/items/consum/scroll_amulet/crystal.png,Spell,pd.items.consum.spells,core/src/java/pd/items/consum/spells/SummonElemental.java,
TargetedSpell,,no-image,,,,Spell,pd.items.consum.spells,core/src/java/pd/items/consum/spells/TargetedSpell.java,
TelekineticGrab,念力结晶,filled,ConsumScrollAmuletCrystalDict.TELE_GRAB_0,6517,sprites/items/consum/scroll_amulet/crystal.png,TargetedSpell,pd.items.consum.spells,core/src/java/pd/items/consum/spells/TelekineticGrab.java,
UnstableSpell,无序结晶,filled,ConsumScrollAmuletCrystalDict.UNSTABLE_SPELL_0,6518,sprites/items/consum/scroll_amulet/crystal.png,Spell,pd.items.consum.spells,core/src/java/pd/items/consum/spells/UnstableSpell.java,
WildEnergy,强能结晶,filled,ConsumScrollAmuletCrystalDict.WILD_ENERGY_0,6515,sprites/items/consum/scroll_amulet/crystal.png,TargetedSpell,pd.items.consum.spells,core/src/java/pd/items/consum/spells/WildEnergy.java,
InventoryStone,,no-image,,,,Runestone,pd.items.consum.stones,core/src/java/pd/items/consum/stones/InventoryStone.java,
Runestone,,placeholder,SpecificPlaceHolderDict.STONE_HOLDER_0,,,Item,pd.items.consum.stones,core/src/java/pd/items/consum/stones/Runestone.java,
StoneOfAggression,敌意符石,filled,ConsumScrollAmuletAmuletDict.STONE_AGGRESSION,6503,sprites/items/consum/scroll_amulet/amulet.png,Runestone,pd.items.consum.stones,core/src/java/pd/items/consum/stones/StoneOfAggression.java,
StoneOfAugmentation,强化符石,filled,ConsumScrollAmuletAmuletDict.STONE_AUGMENTATION_0,6504,sprites/items/consum/scroll_amulet/amulet.png,InventoryStone,pd.items.consum.stones,core/src/java/pd/items/consum/stones/StoneOfAugmentation.java,
StoneOfBlast,震爆符石,filled,ConsumScrollAmuletAmuletDict.STONE_BLAST_0,6506,sprites/items/consum/scroll_amulet/amulet.png,Runestone,pd.items.consum.stones,core/src/java/pd/items/consum/stones/StoneOfBlast.java,
StoneOfBlink,闪现符石,filled,ConsumScrollAmuletAmuletDict.STONE_BLINK_0,6507,sprites/items/consum/scroll_amulet/amulet.png,Runestone,pd.items.consum.stones,core/src/java/pd/items/consum/stones/StoneOfBlink.java,
StoneOfClairvoyance,明示符石,filled,ConsumScrollAmuletAmuletDict.STONE_CLAIRVOYANCE_0,6508,sprites/items/consum/scroll_amulet/amulet.png,Runestone,pd.items.consum.stones,core/src/java/pd/items/consum/stones/StoneOfClairvoyance.java,
StoneOfDeepSleep,沉睡符石,filled,ConsumScrollAmuletAmuletDict.STONE_SLEEP_0,6509,sprites/items/consum/scroll_amulet/amulet.png,Runestone,pd.items.consum.stones,core/src/java/pd/items/consum/stones/StoneOfDeepSleep.java,
StoneOfDetectMagic,探魔符石,filled,ConsumScrollAmuletAmuletDict.STONE_DETECT_0,6510,sprites/items/consum/scroll_amulet/amulet.png,InventoryStone,pd.items.consum.stones,core/src/java/pd/items/consum/stones/StoneOfDetectMagic.java,
StoneOfEnchantment,附魔符石,filled,ConsumScrollAmuletAmuletDict.STONE_ENCHANT_0,6511,sprites/items/consum/scroll_amulet/amulet.png,InventoryStone,pd.items.consum.stones,core/src/java/pd/items/consum/stones/StoneOfEnchantment.java,
StoneOfFear,恐惧符石,filled,ConsumScrollAmuletAmuletDict.STONE_FEAR_0,6505,sprites/items/consum/scroll_amulet/amulet.png,Runestone,pd.items.consum.stones,core/src/java/pd/items/consum/stones/StoneOfFear.java,
StoneOfFlock,羊群符石,filled,ConsumScrollAmuletAmuletDict.STONE_FLOCK_0,6512,sprites/items/consum/scroll_amulet/amulet.png,Runestone,pd.items.consum.stones,core/src/java/pd/items/consum/stones/StoneOfFlock.java,
StoneOfIntuition,感知符石,filled,ConsumScrollAmuletAmuletDict.STONE_INTUITION_0,6513,sprites/items/consum/scroll_amulet/amulet.png,InventoryStone,pd.items.consum.stones,core/src/java/pd/items/consum/stones/StoneOfIntuition.java,
StoneOfShock,电击符石,filled,ConsumScrollAmuletAmuletDict.STONE_SHOCK_0,6514,sprites/items/consum/scroll_amulet/amulet.png,Runestone,pd.items.consum.stones,core/src/java/pd/items/consum/stones/StoneOfShock.java,
Armor,,no-image,,,,EquipableItem,pd.items.equipment.armor,core/src/java/pd/items/equipment/armor/Armor.java,
ClassArmor,,no-image,,,,Armor,pd.items.equipment.armor,core/src/java/pd/items/equipment/armor/ClassArmor.java,
ClericArmor,英雄祭服,placeholder,SpecificPlaceHolderDict.SOMETHING_0,,,ClassArmor,pd.items.equipment.armor,core/src/java/pd/items/equipment/armor/ClericArmor.java,
ClothArmor,布甲,filled,EquipmentEquipArmorBasicArmorDict.ARMOR_CLOTH_0,6682,sprites/items/equipment/equip/armor/basic_armor.png,Armor,pd.items.equipment.armor,core/src/java/pd/items/equipment/armor/ClothArmor.java,
DuelistArmor,英雄胸铠,filled,EquipmentEquipArmorBasicArmorDict.ARMOR_DUELIST_0,6691,sprites/items/equipment/equip/armor/basic_armor.png,ClassArmor,pd.items.equipment.armor,core/src/java/pd/items/equipment/armor/DuelistArmor.java,
HuntressArmor,英雄披风,placeholder,SpecificPlaceHolderDict.SOMETHING_0,,,ClassArmor,pd.items.equipment.armor,core/src/java/pd/items/equipment/armor/HuntressArmor.java,
LeatherArmor,皮甲,filled,EquipmentEquipArmorBasicArmorDict.ARMOR_LEATHER_0,6683,sprites/items/equipment/equip/armor/basic_armor.png,Armor,pd.items.equipment.armor,core/src/java/pd/items/equipment/armor/LeatherArmor.java,
MageArmor,英雄法袍,placeholder,SpecificPlaceHolderDict.SOMETHING_0,,,ClassArmor,pd.items.equipment.armor,core/src/java/pd/items/equipment/armor/MageArmor.java,
MailArmor,链甲,filled,EquipmentEquipArmorBasicArmorDict.ARMOR_MAIL_0,6684,sprites/items/equipment/equip/armor/basic_armor.png,Armor,pd.items.equipment.armor,core/src/java/pd/items/equipment/armor/MailArmor.java,
PlateArmor,板甲,filled,EquipmentEquipArmorBasicArmorDict.ARMOR_PLATE_0,6686,sprites/items/equipment/equip/armor/basic_armor.png,Armor,pd.items.equipment.armor,core/src/java/pd/items/equipment/armor/PlateArmor.java,
RogueArmor,英雄风衣,placeholder,SpecificPlaceHolderDict.SOMETHING_0,,,ClassArmor,pd.items.equipment.armor,core/src/java/pd/items/equipment/armor/RogueArmor.java,
ScaleArmor,鳞甲,filled,EquipmentEquipArmorBasicArmorDict.ARMOR_SCALE_0,6685,sprites/items/equipment/equip/armor/basic_armor.png,Armor,pd.items.equipment.armor,core/src/java/pd/items/equipment/armor/ScaleArmor.java,
WarriorArmor,英雄板甲,placeholder,SpecificPlaceHolderDict.SOMETHING_0,,,ClassArmor,pd.items.equipment.armor,core/src/java/pd/items/equipment/armor/WarriorArmor.java,
AntiEntropy,反熵%s,no-image,,,,Glyph,pd.items.equipment.armor.curses,core/src/java/pd/items/equipment/armor/curses/AntiEntropy.java,
Bulk,臃肿%s,no-image,,,,Glyph,pd.items.equipment.armor.curses,core/src/java/pd/items/equipment/armor/curses/Bulk.java,
Corrosion,腐蚀%s,no-image,,,,Glyph,pd.items.equipment.armor.curses,core/src/java/pd/items/equipment/armor/curses/Corrosion.java,
Displacement,定相%s,no-image,,,,Glyph,pd.items.equipment.armor.curses,core/src/java/pd/items/equipment/armor/curses/Displacement.java,
Metabolism,代谢%s,no-image,,,,Glyph,pd.items.equipment.armor.curses,core/src/java/pd/items/equipment/armor/curses/Metabolism.java,
Multiplicity,分身%s,no-image,,,,Glyph,pd.items.equipment.armor.curses,core/src/java/pd/items/equipment/armor/curses/Multiplicity.java,
Overgrowth,丛生%s,no-image,,,,Glyph,pd.items.equipment.armor.curses,core/src/java/pd/items/equipment/armor/curses/Overgrowth.java,
Stench,恶臭%s,no-image,,,,Glyph,pd.items.equipment.armor.curses,core/src/java/pd/items/equipment/armor/curses/Stench.java,
CatSharkArmor,猫鲨护甲,no-image,,,,MailArmor,pd.items.equipment.armor.fusion,core/src/java/pd/items/equipment/armor/fusion/CatSharkArmor.java,
LifeArmor,生命护甲,no-image,,,,ScaleArmor,pd.items.equipment.armor.fusion,core/src/java/pd/items/equipment/armor/fusion/LifeArmor.java,
AdaptGlyph,适应%s,no-image,,,,SpsGlyph,pd.items.equipment.armor.glyphs,core/src/java/pd/items/equipment/armor/glyphs/AdaptGlyph.java,
Affection,魅惑%s,no-image,,,,Glyph,pd.items.equipment.armor.glyphs,core/src/java/pd/items/equipment/armor/glyphs/Affection.java,
AntiMagic,敌法%s,no-image,,,,Glyph,pd.items.equipment.armor.glyphs,core/src/java/pd/items/equipment/armor/glyphs/AntiMagic.java,
Brimstone,狱火%s,no-image,,,,Glyph,pd.items.equipment.armor.glyphs,core/src/java/pd/items/equipment/armor/glyphs/Brimstone.java,
Camouflage,迷彩%s,no-image,,,,Glyph,pd.items.equipment.armor.glyphs,core/src/java/pd/items/equipment/armor/glyphs/Camouflage.java,
Changeglyph,变幻%s,no-image,,,,SpsGlyph,pd.items.equipment.armor.glyphs,core/src/java/pd/items/equipment/armor/glyphs/Changeglyph.java,
Crystalglyph,晶化%s,no-image,,,,SpsGlyph,pd.items.equipment.armor.glyphs,core/src/java/pd/items/equipment/armor/glyphs/Crystalglyph.java,
Darkglyph,暗契%s,no-image,,,,SpsGlyph,pd.items.equipment.armor.glyphs,core/src/java/pd/items/equipment/armor/glyphs/Darkglyph.java,
Earthglyph,残岩%s,no-image,,,,SpsGlyph,pd.items.equipment.armor.glyphs,core/src/java/pd/items/equipment/armor/glyphs/Earthglyph.java,
Electricityglyph,电网%s,no-image,,,,SpsGlyph,pd.items.equipment.armor.glyphs,core/src/java/pd/items/equipment/armor/glyphs/Electricityglyph.java,
Energyglyph,缓冲%s,no-image,,,,SpsGlyph,pd.items.equipment.armor.glyphs,core/src/java/pd/items/equipment/armor/glyphs/Energyglyph.java,
Entanglement,缠绕%s,no-image,,,,Glyph,pd.items.equipment.armor.glyphs,core/src/java/pd/items/equipment/armor/glyphs/Entanglement.java,
Fireglyph,火罩%s,no-image,,,,SpsGlyph,pd.items.equipment.armor.glyphs,core/src/java/pd/items/equipment/armor/glyphs/Fireglyph.java,
Flow,涌流%s,no-image,,,,Glyph,pd.items.equipment.armor.glyphs,core/src/java/pd/items/equipment/armor/glyphs/Flow.java,
Iceglyph,雪屋%s,no-image,,,,SpsGlyph,pd.items.equipment.armor.glyphs,core/src/java/pd/items/equipment/armor/glyphs/Iceglyph.java,
Lightglyph,神圣%s,no-image,,,,SpsGlyph,pd.items.equipment.armor.glyphs,core/src/java/pd/items/equipment/armor/glyphs/Lightglyph.java,
Obfuscation,晦暗%s,no-image,,,,Glyph,pd.items.equipment.armor.glyphs,core/src/java/pd/items/equipment/armor/glyphs/Obfuscation.java,
Potential,电势%s,no-image,,,,Glyph,pd.items.equipment.armor.glyphs,core/src/java/pd/items/equipment/armor/glyphs/Potential.java,
RecoilGlyph,反冲%s,no-image,,,,SpsGlyph,pd.items.equipment.armor.glyphs,core/src/java/pd/items/equipment/armor/glyphs/RecoilGlyph.java,
Repulsion,反斥%s,no-image,,,,Glyph,pd.items.equipment.armor.glyphs,core/src/java/pd/items/equipment/armor/glyphs/Repulsion.java,
Revivalglyph,复生%s,no-image,,,,SpsGlyph,pd.items.equipment.armor.glyphs,core/src/java/pd/items/equipment/armor/glyphs/Revivalglyph.java,
SpsGlyph,,no-image,,,,Glyph,pd.items.equipment.armor.glyphs,core/src/java/pd/items/equipment/armor/glyphs/SpsGlyph.java,
Stone,磐岩%s,no-image,,,,Glyph,pd.items.equipment.armor.glyphs,core/src/java/pd/items/equipment/armor/glyphs/Stone.java,
Swiftness,迅捷%s,no-image,,,,Glyph,pd.items.equipment.armor.glyphs,core/src/java/pd/items/equipment/armor/glyphs/Swiftness.java,
Testglyph,试验%s,no-image,,,,SpsGlyph,pd.items.equipment.armor.glyphs,core/src/java/pd/items/equipment/armor/glyphs/Testglyph.java,
Thorns,荆棘%s,no-image,,,,Glyph,pd.items.equipment.armor.glyphs,core/src/java/pd/items/equipment/armor/glyphs/Thorns.java,
Viscosity,粘稠%s,no-image,,,,Glyph,pd.items.equipment.armor.glyphs,core/src/java/pd/items/equipment/armor/glyphs/Viscosity.java,
BaseArmor,基础护甲,no-image,,,,NormalArmor,pd.items.equipment.armor.normalarmor,core/src/java/pd/items/equipment/armor/normalarmor/BaseArmor.java,
BulletArmor,防弹衣,no-image,,,,NormalArmor,pd.items.equipment.armor.normalarmor,core/src/java/pd/items/equipment/armor/normalarmor/BulletArmor.java,
CDArmor,光碟甲,no-image,,,,NormalArmor,pd.items.equipment.armor.normalarmor,core/src/java/pd/items/equipment/armor/normalarmor/CDArmor.java,
CeramicsArmor,陶甲,no-image,,,,NormalArmor,pd.items.equipment.armor.normalarmor,core/src/java/pd/items/equipment/armor/normalarmor/CeramicsArmor.java,
ClothArmor,布甲,no-image,,,,NormalArmor,pd.items.equipment.armor.normalarmor,core/src/java/pd/items/equipment/armor/normalarmor/ClothArmor.java,
DiscArmor,碟甲,no-image,,,,NormalArmor,pd.items.equipment.armor.normalarmor,core/src/java/pd/items/equipment/armor/normalarmor/DiscArmor.java,
ErrorArmor,错误护甲,no-image,,,,NormalArmor,pd.items.equipment.armor.normalarmor,core/src/java/pd/items/equipment/armor/normalarmor/ErrorArmor.java,
LeatherArmor,皮甲,no-image,,,,NormalArmor,pd.items.equipment.armor.normalarmor,core/src/java/pd/items/equipment/armor/normalarmor/LeatherArmor.java,
MachineArmor,机械甲,no-image,,,,NormalArmor,pd.items.equipment.armor.normalarmor,core/src/java/pd/items/equipment/armor/normalarmor/MachineArmor.java,
MailArmor,链甲,no-image,,,,NormalArmor,pd.items.equipment.armor.normalarmor,core/src/java/pd/items/equipment/armor/normalarmor/MailArmor.java,
MultiplelayerArmor,复层甲,no-image,,,,NormalArmor,pd.items.equipment.armor.normalarmor,core/src/java/pd/items/equipment/armor/normalarmor/MultiplelayerArmor.java,
NormalArmor,,placeholder,image,,,Armor,pd.items.equipment.armor.normalarmor,core/src/java/pd/items/equipment/armor/normalarmor/NormalArmor.java,
PhantomArmor,幻影护甲,no-image,,,,NormalArmor,pd.items.equipment.armor.normalarmor,core/src/java/pd/items/equipment/armor/normalarmor/PhantomArmor.java,
PlateArmor,板甲,no-image,,,,NormalArmor,pd.items.equipment.armor.normalarmor,core/src/java/pd/items/equipment/armor/normalarmor/PlateArmor.java,
ProtectiveclothingArmor,防护服,no-image,,,,NormalArmor,pd.items.equipment.armor.normalarmor,core/src/java/pd/items/equipment/armor/normalarmor/ProtectiveclothingArmor.java,
RubberArmor,橡胶衣,no-image,,,,NormalArmor,pd.items.equipment.armor.normalarmor,core/src/java/pd/items/equipment/armor/normalarmor/RubberArmor.java,
ScaleArmor,鳞甲,no-image,,,,NormalArmor,pd.items.equipment.armor.normalarmor,core/src/java/pd/items/equipment/armor/normalarmor/ScaleArmor.java,
StoneArmor,石甲,no-image,,,,NormalArmor,pd.items.equipment.armor.normalarmor,core/src/java/pd/items/equipment/armor/normalarmor/StoneArmor.java,
StyrofoamArmor,塑料泡沫甲,no-image,,,,NormalArmor,pd.items.equipment.armor.normalarmor,core/src/java/pd/items/equipment/armor/normalarmor/StyrofoamArmor.java,
VestArmor,背心,no-image,,,,NormalArmor,pd.items.equipment.armor.normalarmor,core/src/java/pd/items/equipment/armor/normalarmor/VestArmor.java,
WoodenArmor,木甲,no-image,,,,NormalArmor,pd.items.equipment.armor.normalarmor,core/src/java/pd/items/equipment/armor/normalarmor/WoodenArmor.java,
AsceticArmor,修士躯壳,no-image,,,,NormalArmor,pd.items.equipment.armor.specialarmor,core/src/java/pd/items/equipment/armor/specialarmor/AsceticArmor.java,
FollowerArmor,信徒外套,no-image,,,,NormalArmor,pd.items.equipment.armor.specialarmor,core/src/java/pd/items/equipment/armor/specialarmor/FollowerArmor.java,
HuntressArmor,猎手披风,no-image,,,,NormalArmor,pd.items.equipment.armor.specialarmor,core/src/java/pd/items/equipment/armor/specialarmor/HuntressArmor.java,
LifeArmor,活性护甲,no-image,,,,NormalArmor,pd.items.equipment.armor.specialarmor,core/src/java/pd/items/equipment/armor/specialarmor/LifeArmor.java,
MageArmor,法师长袍,no-image,,,,NormalArmor,pd.items.equipment.armor.specialarmor,core/src/java/pd/items/equipment/armor/specialarmor/MageArmor.java,
PerformerArmor,演员夹克,no-image,,,,NormalArmor,pd.items.equipment.armor.specialarmor,core/src/java/pd/items/equipment/armor/specialarmor/PerformerArmor.java,
RenBArmor,兔女郎制服,no-image,,,,NormalArmor,pd.items.equipment.armor.specialarmor,core/src/java/pd/items/equipment/armor/specialarmor/RenBArmor.java,
RogueArmor,盗贼风衣,no-image,,,,NormalArmor,pd.items.equipment.armor.specialarmor,core/src/java/pd/items/equipment/armor/specialarmor/RogueArmor.java,
SoldierArmor,星兵背心,no-image,,,,NormalArmor,pd.items.equipment.armor.specialarmor,core/src/java/pd/items/equipment/armor/specialarmor/SoldierArmor.java,
TestArmor,测试护甲,no-image,,,,NormalArmor,pd.items.equipment.armor.specialarmor,core/src/java/pd/items/equipment/armor/specialarmor/TestArmor.java,
WarriorArmor,战士重甲,no-image,,,,NormalArmor,pd.items.equipment.armor.specialarmor,core/src/java/pd/items/equipment/armor/specialarmor/WarriorArmor.java,
AlchemistsToolkit,炼金工具箱,placeholder,SpecificPlaceHolderDict.SOMETHING_0,,,Artifact,pd.items.equipment.artifacts,core/src/java/pd/items/equipment/artifacts/AlchemistsToolkit.java,
AlienBag,异星肩包,filled,EquipmentJewelleryArtifactDict.LEGACY_ALIEN_BAG_0,6886,sprites/items/equipment/jewellery/artifact.png,Artifact,pd.items.equipment.artifacts,core/src/java/pd/items/equipment/artifacts/AlienBag.java,
Artifact,,no-image,,,,KindofMisc,pd.items.equipment.artifacts,core/src/java/pd/items/equipment/artifacts/Artifact.java,
CapeOfThorns,荆棘斗篷,placeholder,SpecificPlaceHolderDict.SOMETHING_0,,,Artifact,pd.items.equipment.artifacts,core/src/java/pd/items/equipment/artifacts/CapeOfThorns.java,
ChaliceOfBlood,蓄血圣杯,filled,EquipmentJewelleryArtifactDict.ARTIFACT_CHALICE1 -> EquipmentJewelleryArtifactDict.CHALICE_OF_BLOOD_0,6870,sprites/items/equipment/jewellery/artifact.png,Artifact,pd.items.equipment.artifacts,core/src/java/pd/items/equipment/artifacts/ChaliceOfBlood.java,
CloakOfShadows,暗影斗篷,placeholder,SpecificPlaceHolderDict.SOMETHING_0,,,Artifact,pd.items.equipment.artifacts,core/src/java/pd/items/equipment/artifacts/CloakOfShadows.java,
DriedRose,干枯玫瑰,filled,EquipmentJewelleryArtifactDict.ARTIFACT_ROSE1 -> EquipmentJewelleryArtifactDict.DRIED_ROSE_0,6878,sprites/items/equipment/jewellery/artifact.png,Artifact,pd.items.equipment.artifacts,core/src/java/pd/items/equipment/artifacts/DriedRose.java,
EtherealChains,虚空锁链,placeholder,SpecificPlaceHolderDict.SOMETHING_0,,,Artifact,pd.items.equipment.artifacts,core/src/java/pd/items/equipment/artifacts/EtherealChains.java,
FlyChains,翔虫,no-image,,,,EtherealChains,pd.items.equipment.artifacts,core/src/java/pd/items/equipment/artifacts/FlyChains.java,
GlassTotem,玻璃图腾,filled,EquipmentJewelleryArtifactDict.GLASS_TOTEM,6885,sprites/items/equipment/jewellery/artifact.png,Artifact,pd.items.equipment.artifacts,core/src/java/pd/items/equipment/artifacts/GlassTotem.java,
HolyTome,神圣法典,placeholder,SpecificPlaceHolderDict.SOMETHING_0,,,Artifact,pd.items.equipment.artifacts,core/src/java/pd/items/equipment/artifacts/HolyTome.java,
HornOfPlenty,丰饶之角,filled,EquipmentJewelleryArtifactDict.ARTIFACT_HORN1 -> EquipmentJewelleryArtifactDict.HORN_OF_PLENTY_0,6866,sprites/items/equipment/jewellery/artifact.png,Artifact,pd.items.equipment.artifacts,core/src/java/pd/items/equipment/artifacts/HornOfPlenty.java,
LloydsBeacon,时空道标,filled,ConsumUsefulUsefulDict.BEACON_0,6667,sprites/items/consum/useful/useful.png,Item,pd.items.equipment.artifacts,core/src/java/pd/items/equipment/artifacts/LloydsBeacon.java,
MasterThievesArmband,神偷袖章,placeholder,SpecificPlaceHolderDict.SOMETHING_0,,,Artifact,pd.items.equipment.artifacts,core/src/java/pd/items/equipment/artifacts/MasterThievesArmband.java,
Pylon,便携式水晶塔,filled,EquipmentJewelleryArtifactDict.ARTIFACT_BEACON_0,6881,sprites/items/equipment/jewellery/artifact.png,Artifact,pd.items.equipment.artifacts,core/src/java/pd/items/equipment/artifacts/Pylon.java,
RobotDMT,机械核心,placeholder,SpecificPlaceHolderDict.SOMETHING_0,,,Artifact,pd.items.equipment.artifacts,core/src/java/pd/items/equipment/artifacts/RobotDMT.java,
SandalsOfNature,自然之鞋,filled,EquipmentJewelleryArtifactDict.ARTIFACT_SANDALS -> EquipmentJewelleryArtifactDict.SANDALS_OF_NATURE_0,6873,sprites/items/equipment/jewellery/artifact.png,Artifact,pd.items.equipment.artifacts,core/src/java/pd/items/equipment/artifacts/SandalsOfNature.java,
SkeletonKey,骷髅钥匙,filled,EquipmentJewelleryArtifactDict.ARTIFACT_KEY_0,6877,sprites/items/equipment/jewellery/artifact.png,Artifact,pd.items.equipment.artifacts,core/src/java/pd/items/equipment/artifacts/SkeletonKey.java,
TalismanOfForesight,先见护符,placeholder,SpecificPlaceHolderDict.SOMETHING_0,,,Artifact,pd.items.equipment.artifacts,core/src/java/pd/items/equipment/artifacts/TalismanOfForesight.java,
TimekeepersHourglass,时光沙漏,placeholder,SpecificPlaceHolderDict.SOMETHING_0,,,Artifact,pd.items.equipment.artifacts,core/src/java/pd/items/equipment/artifacts/TimekeepersHourglass.java,
TimeOclock,时间怀表,placeholder,SpecificPlaceHolderDict.SOMETHING_0,,,Artifact,pd.items.equipment.artifacts,core/src/java/pd/items/equipment/artifacts/TimeOclock.java,
UnstableSpellbook,无序魔典,filled,ConsumUsefulProcessEnhanceDict.ARTIFACT_SPELLBOOK,6663,sprites/items/consum/useful/process_enhance.png,Artifact,pd.items.equipment.artifacts,core/src/java/pd/items/equipment/artifacts/UnstableSpellbook.java,
EyeOfSkadi,斯嘉蒂之眼,filled,EquipmentJewelleryArtifactDict.ARTIFACT_ICE_EYE_0,6884,sprites/items/equipment/jewellery/artifact.png,Artifact,pd.items.equipment.artifacts.fusion,core/src/java/pd/items/equipment/artifacts/fusion/EyeOfSkadi.java,
NoomlinCrown,诺姆林王冠,placeholder,SpecificPlaceHolderDict.SOMETHING_0,,,Artifact,pd.items.equipment.artifacts.fusion,core/src/java/pd/items/equipment/artifacts/fusion/NoomlinCrown.java,
ArrowCollecter,暗器袋,filled,EquipmentBagsDict.SPS_ARROW_COLLECTER,6679,sprites/items/equipment/bags.png,Bag,pd.items.equipment.bags,core/src/java/pd/items/equipment/bags/ArrowCollecter.java,
Bag,背包,placeholder,SpecificPlaceHolderDict.SOMETHING_0,,,Item,pd.items.equipment.bags,core/src/java/pd/items/equipment/bags/Bag.java,
HeartOfScarecrow,草靶子,filled,EquipmentBagsDict.HEART_OF_SCARECROW_0,6680,sprites/items/equipment/bags.png,Bag,pd.items.equipment.bags,core/src/java/pd/items/equipment/bags/HeartOfScarecrow.java,
KeyRing,钥匙环,filled,EquipmentBagsDict.SPS_KEY_RING,6677,sprites/items/equipment/bags.png,Bag,pd.items.equipment.bags,core/src/java/pd/items/equipment/bags/KeyRing.java,
MagicalHolster,魔法筒袋,filled,EquipmentBagsDict.HOLSTER,6676,sprites/items/equipment/bags.png,Bag,pd.items.equipment.bags,core/src/java/pd/items/equipment/bags/MagicalHolster.java,
PotionBandolier,药剂挎带,filled,EquipmentBagsDict.BANDOLIER,6675,sprites/items/equipment/bags.png,Bag,pd.items.equipment.bags,core/src/java/pd/items/equipment/bags/PotionBandolier.java,
ScrollHolder,卷轴筒,filled,EquipmentBagsDict.HOLDER,6674,sprites/items/equipment/bags.png,Bag,pd.items.equipment.bags,core/src/java/pd/items/equipment/bags/ScrollHolder.java,
SeedPouch,种子包,filled,EquipmentBagsDict.POUCH,6673,sprites/items/equipment/bags.png,Bag,pd.items.equipment.bags,core/src/java/pd/items/equipment/bags/SeedPouch.java,
ShoppingCart,购物车,filled,EquipmentBagsDict.SHOPPING_CART_0,6678,sprites/items/equipment/bags.png,Bag,pd.items.equipment.bags,core/src/java/pd/items/equipment/bags/ShoppingCart.java,
VelvetPouch,绒布袋,filled,EquipmentBagsDict.POUCH,6673,sprites/items/equipment/bags.png,Bag,pd.items.equipment.bags,core/src/java/pd/items/equipment/bags/VelvetPouch.java,
WandHolster,法杖套,filled,EquipmentBagsDict.HOLSTER,6676,sprites/items/equipment/bags.png,Bag,pd.items.equipment.bags,core/src/java/pd/items/equipment/bags/WandHolster.java,
ArcaneBomb,奥术炸弹,filled,EquipmentEquipWeaponBombDict.ARCANE_BOMB_0,6820,sprites/items/equipment/equip/weapon/bomb.png,Bomb,pd.items.equipment.bombs,core/src/java/pd/items/equipment/bombs/ArcaneBomb.java,
Bomb,炸弹,filled,EquipmentEquipWeaponBombDict.BOMB_0,6814,sprites/items/equipment/equip/weapon/bomb.png,Item,pd.items.equipment.bombs,core/src/java/pd/items/equipment/bombs/Bomb.java,
BuildBomb,土制炸弹,placeholder,SpecificPlaceHolderDict.SOMETHING_0,,,Bomb,pd.items.equipment.bombs,core/src/java/pd/items/equipment/bombs/BuildBomb.java,
DangerousBomb,,placeholder,SpecificPlaceHolderDict.SOMETHING_0,,,Bomb,pd.items.equipment.bombs,core/src/java/pd/items/equipment/bombs/DangerousBomb.java,
DarkBomb,暗黑炸弹,placeholder,SpecificPlaceHolderDict.SOMETHING_0,,,Bomb,pd.items.equipment.bombs,core/src/java/pd/items/equipment/bombs/DarkBomb.java,
DungeonBomb,地牢炸弹,filled,EquipmentEquipWeaponBombDict.BOMB_0,6814,sprites/items/equipment/equip/weapon/bomb.png,Bomb,pd.items.equipment.bombs,core/src/java/pd/items/equipment/bombs/DungeonBomb.java,
EarthBomb,酸蚀炸弹,placeholder,SpecificPlaceHolderDict.SOMETHING_0,,,Bomb,pd.items.equipment.bombs,core/src/java/pd/items/equipment/bombs/EarthBomb.java,
Firebomb,燃烧弹,filled,EquipmentEquipWeaponBombDict.FIRE_BOMB_0,6827,sprites/items/equipment/equip/weapon/bomb.png,Bomb,pd.items.equipment.bombs,core/src/java/pd/items/equipment/bombs/Firebomb.java,
FishingBomb,鱼饵炸弹,placeholder,SpecificPlaceHolderDict.SOMETHING_0,,,Bomb,pd.items.equipment.bombs,core/src/java/pd/items/equipment/bombs/FishingBomb.java,
FlashBangBomb,闪光弹,filled,EquipmentEquipWeaponBombDict.FLASHBANG_0,6816,sprites/items/equipment/equip/weapon/bomb.png,Bomb,pd.items.equipment.bombs,core/src/java/pd/items/equipment/bombs/FlashBangBomb.java,
FrostBomb,冰霜炸弹,filled,EquipmentEquipWeaponBombDict.FROST_BOMB_0,6828,sprites/items/equipment/equip/weapon/bomb.png,Bomb,pd.items.equipment.bombs,core/src/java/pd/items/equipment/bombs/FrostBomb.java,
HolyBomb,神圣炸弹,filled,EquipmentEquipWeaponBombDict.HOLY_BOMB_0,6817,sprites/items/equipment/equip/weapon/bomb.png,Bomb,pd.items.equipment.bombs,core/src/java/pd/items/equipment/bombs/HolyBomb.java,
HugeBomb,巨大炸弹,placeholder,SpecificPlaceHolderDict.SOMETHING_0,,,Bomb,pd.items.equipment.bombs,core/src/java/pd/items/equipment/bombs/HugeBomb.java,
IceBomb,寒霜炸弹,placeholder,SpecificPlaceHolderDict.SOMETHING_0,,,Bomb,pd.items.equipment.bombs,core/src/java/pd/items/equipment/bombs/IceBomb.java,
LightBomb,圣光炸弹,placeholder,SpecificPlaceHolderDict.SOMETHING_0,,,Bomb,pd.items.equipment.bombs,core/src/java/pd/items/equipment/bombs/LightBomb.java,
MiniBomb,迷你炸弹,filled,EquipmentEquipWeaponBombDict.SPS_MINI_BOMB,6823,sprites/items/equipment/equip/weapon/bomb.png,Bomb,pd.items.equipment.bombs,core/src/java/pd/items/equipment/bombs/MiniBomb.java,
Noisemaker,噪音地雷,filled,EquipmentEquipWeaponBombDict.NOISEMAKER_0,6819,sprites/items/equipment/equip/weapon/bomb.png,Bomb,pd.items.equipment.bombs,core/src/java/pd/items/equipment/bombs/Noisemaker.java,
RegrowthBomb,再生炸弹,filled,EquipmentEquipWeaponBombDict.REGROWTH_BOMB_0,6829,sprites/items/equipment/equip/weapon/bomb.png,Bomb,pd.items.equipment.bombs,core/src/java/pd/items/equipment/bombs/RegrowthBomb.java,
ShrapnelBomb,破片炸弹,filled,EquipmentEquipWeaponBombDict.SHRAPNEL_BOMB_0,6821,sprites/items/equipment/equip/weapon/bomb.png,Bomb,pd.items.equipment.bombs,core/src/java/pd/items/equipment/bombs/ShrapnelBomb.java,
SmokeBomb,烟雾弹,filled,EquipmentEquipWeaponBombDict.SMOKE_BOMB_0,6830,sprites/items/equipment/equip/weapon/bomb.png,Bomb,pd.items.equipment.bombs,core/src/java/pd/items/equipment/bombs/SmokeBomb.java,
SpsFireBomb,火焰炸弹,filled,EquipmentEquipWeaponBombDict.FIRE_BOMB_0,6827,sprites/items/equipment/equip/weapon/bomb.png,Bomb,pd.items.equipment.bombs,core/src/java/pd/items/equipment/bombs/SpsFireBomb.java,
StormBomb,风暴炸弹,placeholder,SpecificPlaceHolderDict.SOMETHING_0,,,Bomb,pd.items.equipment.bombs,core/src/java/pd/items/equipment/bombs/StormBomb.java,
WoollyBomb,绵绵炸弹,filled,EquipmentEquipWeaponBombDict.WOOLY_BOMB_0,6818,sprites/items/equipment/equip/weapon/bomb.png,Bomb,pd.items.equipment.bombs,core/src/java/pd/items/equipment/bombs/WoollyBomb.java,
Ring,,filled,EquipmentJewelleryRingDict.RING_HOLDER,6900,sprites/items/equipment/jewellery/ring.png,KindofMisc,pd.items.equipment.rings,core/src/java/pd/items/equipment/rings/Ring.java,
RingOfAccuracy,精准戒指,no-image,,,,Ring,pd.items.equipment.rings,core/src/java/pd/items/equipment/rings/RingOfAccuracy.java,
RingOfArcana,奥术之戒,no-image,,,,Ring,pd.items.equipment.rings,core/src/java/pd/items/equipment/rings/RingOfArcana.java,
RingOfElements,元素戒指,no-image,,,,Ring,pd.items.equipment.rings,core/src/java/pd/items/equipment/rings/RingOfElements.java,
RingOfEnergy,能量之戒,no-image,,,,Ring,pd.items.equipment.rings,core/src/java/pd/items/equipment/rings/RingOfEnergy.java,
RingOfEvasion,闪避戒指,no-image,,,,Ring,pd.items.equipment.rings,core/src/java/pd/items/equipment/rings/RingOfEvasion.java,
RingOfForce,武力之戒,no-image,,,,Ring,pd.items.equipment.rings,core/src/java/pd/items/equipment/rings/RingOfForce.java,
RingOfFuror,狂怒戒指,no-image,,,,Ring,pd.items.equipment.rings,core/src/java/pd/items/equipment/rings/RingOfFuror.java,
RingOfHaste,疾速戒指,no-image,,,,Ring,pd.items.equipment.rings,core/src/java/pd/items/equipment/rings/RingOfHaste.java,
RingOfMight,根骨之戒,no-image,,,,Ring,pd.items.equipment.rings,core/src/java/pd/items/equipment/rings/RingOfMight.java,
RingOfSharpshooting,神射之戒,no-image,,,,Ring,pd.items.equipment.rings,core/src/java/pd/items/equipment/rings/RingOfSharpshooting.java,
RingOfTenacity,韧性之戒,no-image,,,,Ring,pd.items.equipment.rings,core/src/java/pd/items/equipment/rings/RingOfTenacity.java,
RingOfWealth,财富之戒,no-image,,,,Ring,pd.items.equipment.rings,core/src/java/pd/items/equipment/rings/RingOfWealth.java,
RingOfKnowledge,学识戒指,no-image,,,,Ring,pd.items.equipment.rings.fusion,core/src/java/pd/items/equipment/rings/fusion/RingOfKnowledge.java,
RingOfMagic,奥术戒指,no-image,,,,Ring,pd.items.equipment.rings.fusion,core/src/java/pd/items/equipment/rings/fusion/RingOfMagic.java,
ChaoticCenser,混沌香炉,filled,EquipmentNonEquipDict.CHAOTIC_CENSER_0,6992,sprites/items/equipment/non_equip.png,Trinket,pd.items.equipment.trinkets,core/src/java/pd/items/equipment/trinkets/ChaoticCenser.java,
CrackedSpyglass,幻象裂镜,filled,EquipmentNonEquipDict.SPYGLASS_0,6977,sprites/items/equipment/non_equip.png,Trinket,pd.items.equipment.trinkets,core/src/java/pd/items/equipment/trinkets/CrackedSpyglass.java,
DimensionalSundial,位面日晷,filled,EquipmentNonEquipDict.SUNDIAL_0,6983,sprites/items/equipment/non_equip.png,Trinket,pd.items.equipment.trinkets,core/src/java/pd/items/equipment/trinkets/DimensionalSundial.java,
ExoticCrystals,奇异能晶,filled,EquipmentNonEquipDict.EXOTIC_CRYSTALS_0,6981,sprites/items/equipment/non_equip.png,Trinket,pd.items.equipment.trinkets,core/src/java/pd/items/equipment/trinkets/ExoticCrystals.java,
EyeOfNewt,蝾螈魔眼,filled,EquipmentNonEquipDict.EYE_OF_NEWT_0,6988,sprites/items/equipment/non_equip.png,Trinket,pd.items.equipment.trinkets,core/src/java/pd/items/equipment/trinkets/EyeOfNewt.java,
FerretTuft,雪貂绒束,filled,EquipmentNonEquipDict.FERRET_TUFT_0,6993,sprites/items/equipment/non_equip.png,Trinket,pd.items.equipment.trinkets,core/src/java/pd/items/equipment/trinkets/FerretTuft.java,
MimicTooth,拟箱利齿,filled,EquipmentNonEquipDict.MIMIC_TOOTH_0,6986,sprites/items/equipment/non_equip.png,Trinket,pd.items.equipment.trinkets,core/src/java/pd/items/equipment/trinkets/MimicTooth.java,
MossyClump,苔藓丛簇,filled,EquipmentNonEquipDict.MOSSY_CLUMP_0,6982,sprites/items/equipment/non_equip.png,Trinket,pd.items.equipment.trinkets,core/src/java/pd/items/equipment/trinkets/MossyClump.java,
ParchmentScrap,残魔余卷,filled,EquipmentNonEquipDict.PARCHMENT_SCRAP_0,6979,sprites/items/equipment/non_equip.png,Trinket,pd.items.equipment.trinkets,core/src/java/pd/items/equipment/trinkets/ParchmentScrap.java,
PetrifiedSeed,石化种子,filled,EquipmentNonEquipDict.PETRIFIED_SEED_0,6980,sprites/items/equipment/non_equip.png,Trinket,pd.items.equipment.trinkets,core/src/java/pd/items/equipment/trinkets/PetrifiedSeed.java,
RatSkull,巨鼠头骨,filled,ConsumGoodsMaterialsGoodsDict.RAT_SKULL_0,6381,sprites/items/consum/goods_materials/goods.png,Trinket,pd.items.equipment.trinkets,core/src/java/pd/items/equipment/trinkets/RatSkull.java,
SaltCube,盐晶立方,filled,EquipmentNonEquipDict.SALT_CUBE_0,6989,sprites/items/equipment/non_equip.png,Trinket,pd.items.equipment.trinkets,core/src/java/pd/items/equipment/trinkets/SaltCube.java,
ShardOfOblivion,遗忘碎片,filled,EquipmentNonEquipDict.OBLIVION_SHARD_0,6991,sprites/items/equipment/non_equip.png,Trinket,pd.items.equipment.trinkets,core/src/java/pd/items/equipment/trinkets/ShardOfOblivion.java,
ThirteenLeafClover,十三叶草,filled,EquipmentNonEquipDict.CLOVER_0,6984,sprites/items/equipment/non_equip.png,Trinket,pd.items.equipment.trinkets,core/src/java/pd/items/equipment/trinkets/ThirteenLeafClover.java,
TrapMechanism,陷阱元件,filled,EquipmentNonEquipDict.TRAP_MECHANISM_0,6985,sprites/items/equipment/non_equip.png,Trinket,pd.items.equipment.trinkets,core/src/java/pd/items/equipment/trinkets/TrapMechanism.java,
Trinket,,placeholder,SpecificPlaceHolderDict.TRINKET_HOLDER_0,,,Item,pd.items.equipment.trinkets,core/src/java/pd/items/equipment/trinkets/Trinket.java,
TrinketCatalyst,魔能触媒,filled,ConsumUsefulCorpseRelicsDict.TRINKET_CATA_0,6658,sprites/items/consum/useful/corpse_relics.png,Item,pd.items.equipment.trinkets,core/src/java/pd/items/equipment/trinkets/TrinketCatalyst.java,
VialOfBlood,凝血试管,filled,EquipmentNonEquipDict.BLOOD_VIAL_0,6990,sprites/items/equipment/non_equip.png,Trinket,pd.items.equipment.trinkets,core/src/java/pd/items/equipment/trinkets/VialOfBlood.java,
WondrousResin,奇迹树脂,filled,EquipmentNonEquipDict.WONDROUS_RESIN_0,6987,sprites/items/equipment/non_equip.png,Trinket,pd.items.equipment.trinkets,core/src/java/pd/items/equipment/trinkets/WondrousResin.java,
CannonOfMage,雷诺的七彩大炮,filled,EquipmentWandUniqueWandDict.LEGACY_CANNON_OF_MAGE,7017,sprites/items/equipment/wand/unique_wand.png,DamageWand,pd.items.equipment.wands,core/src/java/pd/items/equipment/wands/CannonOfMage.java,
CursedWand,,no-image,,,,CursedEffect,pd.items.equipment.wands,core/src/java/pd/items/equipment/wands/CursedWand.java,
DamageWand,,no-image,,,,Wand,pd.items.equipment.wands,core/src/java/pd/items/equipment/wands/DamageWand.java,
Wand,,placeholder,SpecificPlaceHolderDict.WAND_HOLDER_0,,,Item,pd.items.equipment.wands,core/src/java/pd/items/equipment/wands/Wand.java,
WandOf13,血色月华,placeholder,SpecificPlaceHolderDict.SOMETHING_0,,,DamageWand,pd.items.equipment.wands,core/src/java/pd/items/equipment/wands/WandOf13.java,
WandOfAcid,酸蚀法杖,filled,EquipmentWandBasicWandDict.WAND_ACID,7008,sprites/items/equipment/wand/basic_wand.png,DamageWand,pd.items.equipment.wands,core/src/java/pd/items/equipment/wands/WandOfAcid.java,
WandOfBlackMeow,灵猫法杖,placeholder,SpecificPlaceHolderDict.SOMETHING_0,,,Wand,pd.items.equipment.wands,core/src/java/pd/items/equipment/wands/WandOfBlackMeow.java,
WandOfBlastWave,冲击波法杖,filled,EquipmentWandBasicWandDict.WAND_BLAST_WAVE_0,7010,sprites/items/equipment/wand/basic_wand.png,DamageWand,pd.items.equipment.wands,core/src/java/pd/items/equipment/wands/WandOfBlastWave.java,
WandOfCharm,魅惑法杖,placeholder,SpecificPlaceHolderDict.SOMETHING_0,,,Wand,pd.items.equipment.wands,core/src/java/pd/items/equipment/wands/WandOfCharm.java,
WandOfCorrosion,酸蚀法杖,placeholder,SpecificPlaceHolderDict.SOMETHING_0,,,Wand,pd.items.equipment.wands,core/src/java/pd/items/equipment/wands/WandOfCorrosion.java,
WandOfCorruption,腐化法杖,filled,EquipmentWandBasicWandDict.WAND_CORRUPTION_0,7011,sprites/items/equipment/wand/basic_wand.png,Wand,pd.items.equipment.wands,core/src/java/pd/items/equipment/wands/WandOfCorruption.java,
WandOfDisintegration,解离法杖,placeholder,SpecificPlaceHolderDict.SOMETHING_0,,,DamageWand,pd.items.equipment.wands,core/src/java/pd/items/equipment/wands/WandOfDisintegration.java,
WandOfError,错误法杖,placeholder,SpecificPlaceHolderDict.SOMETHING_0,,,Wand,pd.items.equipment.wands,core/src/java/pd/items/equipment/wands/WandOfError.java,
WandOfFireblast,焰浪法杖,filled,EquipmentWandBasicWandDict.WAND_FIREBOLT_0,6995,sprites/items/equipment/wand/basic_wand.png,DamageWand,pd.items.equipment.wands,core/src/java/pd/items/equipment/wands/WandOfFireblast.java,
WandOfFirebolt,火球法杖,filled,EquipmentWandBasicWandDict.WAND_SPS_FIREBOLT,7003,sprites/items/equipment/wand/basic_wand.png,DamageWand,pd.items.equipment.wands,core/src/java/pd/items/equipment/wands/WandOfFirebolt.java,
WandOfFlock,招羊法杖,placeholder,SpecificPlaceHolderDict.SOMETHING_0,,,Wand,pd.items.equipment.wands,core/src/java/pd/items/equipment/wands/WandOfFlock.java,
WandOfFreeze,霜冻法杖,placeholder,SpecificPlaceHolderDict.SOMETHING_0,,,DamageWand,pd.items.equipment.wands,core/src/java/pd/items/equipment/wands/WandOfFreeze.java,
WandOfFrost,冰霜法杖,filled,EquipmentWandBasicWandDict.WAND_FROST,6996,sprites/items/equipment/wand/basic_wand.png,DamageWand,pd.items.equipment.wands,core/src/java/pd/items/equipment/wands/WandOfFrost.java,
WandOfLight,强光法杖,filled,EquipmentWandBasicWandDict.WAND_LIGHT,6999,sprites/items/equipment/wand/basic_wand.png,DamageWand,pd.items.equipment.wands,core/src/java/pd/items/equipment/wands/WandOfLight.java,
WandOfLightning,雷霆法杖,filled,EquipmentWandBasicWandDict.WAND_SPS_LIGHTNING,7005,sprites/items/equipment/wand/basic_wand.png,DamageWand,pd.items.equipment.wands,core/src/java/pd/items/equipment/wands/WandOfLightning.java,
WandOfLivingEarth,灵壤法杖,filled,EquipmentWandBasicWandDict.WAND_LIVING_EARTH_0,7009,sprites/items/equipment/wand/basic_wand.png,DamageWand,pd.items.equipment.wands,core/src/java/pd/items/equipment/wands/WandOfLivingEarth.java,
WandOfMagicMissile,魔弹法杖,filled,EquipmentWandBasicWandDict.WAND_SPS_MAGIC_MISSILE,6994,sprites/items/equipment/wand/basic_wand.png,DamageWand,pd.items.equipment.wands,core/src/java/pd/items/equipment/wands/WandOfMagicMissile.java,
WandOfMeteorite,陨星法杖,placeholder,SpecificPlaceHolderDict.SOMETHING_0,,,DamageWand,pd.items.equipment.wands,core/src/java/pd/items/equipment/wands/WandOfMeteorite.java,
WandOfPrismaticLight,棱光法杖,placeholder,SpecificPlaceHolderDict.SOMETHING_0,,,DamageWand,pd.items.equipment.wands,core/src/java/pd/items/equipment/wands/WandOfPrismaticLight.java,
WandOfRegrowth,再生法杖,filled,EquipmentWandBasicWandDict.WAND_REGROWTH,7001,sprites/items/equipment/wand/basic_wand.png,Wand,pd.items.equipment.wands,core/src/java/pd/items/equipment/wands/WandOfRegrowth.java,
WandOfShatteredFireblast,破碎暴风火杖,filled,EquipmentWandBasicWandDict.WAND_SPS_FIREBOLT,7003,sprites/items/equipment/wand/basic_wand.png,DamageWand,pd.items.equipment.wands,core/src/java/pd/items/equipment/wands/WandOfShatteredFireblast.java,
WandOfSwamp,沼泽法杖,filled,EquipmentWandBasicWandDict.WAND_POISON,7006,sprites/items/equipment/wand/basic_wand.png,DamageWand,pd.items.equipment.wands,core/src/java/pd/items/equipment/wands/WandOfSwamp.java,
WandOfTCloud,雷云法杖,filled,EquipmentWandBasicWandDict.WAND_TCLOUD,7013,sprites/items/equipment/wand/basic_wand.png,Wand,pd.items.equipment.wands,core/src/java/pd/items/equipment/wands/WandOfTCloud.java,
WandOfTest,测试法杖,placeholder,SpecificPlaceHolderDict.SOMETHING_0,,,DamageWand,pd.items.equipment.wands,core/src/java/pd/items/equipment/wands/WandOfTest.java,
WandOfTransfusion,注魂法杖,filled,EquipmentWandBasicWandDict.WAND_TRANSFUSION_0,7007,sprites/items/equipment/wand/basic_wand.png,DamageWand,pd.items.equipment.wands,core/src/java/pd/items/equipment/wands/WandOfTransfusion.java,
WandOfWarding,哨卫法杖,filled,EquipmentWandBasicWandDict.WAND_WARDING_0,7000,sprites/items/equipment/wand/basic_wand.png,Wand,pd.items.equipment.wands,core/src/java/pd/items/equipment/wands/WandOfWarding.java,
WandOfBlood,鲜血法杖,placeholder,SpecificPlaceHolderDict.SOMETHING_0,,,DamageWand,pd.items.equipment.wands.fusion,core/src/java/pd/items/equipment/wands/fusion/WandOfBlood.java,
WandOfFlow,涌流法杖,filled,EquipmentWandBasicWandDict.WAND_FLOW,7012,sprites/items/equipment/wand/basic_wand.png,DamageWand,pd.items.equipment.wands.fusion,core/src/java/pd/items/equipment/wands/fusion/WandOfFlow.java,
SpiritBow,灵能弓,filled,EquipmentEquipWeaponUniqueWeaponDict.SPIRIT_BOW_0,6844,sprites/items/equipment/equip/weapon/unique_weapon.png,Weapon,pd.items.equipment.weapon,core/src/java/pd/items/equipment/weapon/SpiritBow.java,
SpsRangedWeapon,,no-image,,,,Weapon,pd.items.equipment.weapon,core/src/java/pd/items/equipment/weapon/SpsRangedWeapon.java,
Weapon,,no-image,,,,KindOfWeapon,pd.items.equipment.weapon,core/src/java/pd/items/equipment/weapon/Weapon.java,
Annoying,喧闹%s,no-image,,,,Enchantment,pd.items.equipment.weapon.curses,core/src/java/pd/items/equipment/weapon/curses/Annoying.java,
Dazzling,炫目%s,no-image,,,,Enchantment,pd.items.equipment.weapon.curses,core/src/java/pd/items/equipment/weapon/curses/Dazzling.java,
Displacing,转移%s,no-image,,,,Enchantment,pd.items.equipment.weapon.curses,core/src/java/pd/items/equipment/weapon/curses/Displacing.java,
Explosive,易爆%s,no-image,,,,Enchantment,pd.items.equipment.weapon.curses,core/src/java/pd/items/equipment/weapon/curses/Explosive.java,
Friendly,友善%s,no-image,,,,Enchantment,pd.items.equipment.weapon.curses,core/src/java/pd/items/equipment/weapon/curses/Friendly.java,
Polarized,极化%s,no-image,,,,Enchantment,pd.items.equipment.weapon.curses,core/src/java/pd/items/equipment/weapon/curses/Polarized.java,
Pressurized,激流%s,no-image,,,,Enchantment,pd.items.equipment.weapon.curses,core/src/java/pd/items/equipment/weapon/curses/Pressurized.java,
Sacrificial,血祭%s,no-image,,,,Enchantment,pd.items.equipment.weapon.curses,core/src/java/pd/items/equipment/weapon/curses/Sacrificial.java,
Wayward,妄为%s,no-image,,,,Enchantment,pd.items.equipment.weapon.curses,core/src/java/pd/items/equipment/weapon/curses/Wayward.java,
Wondrous,奇迹%s,no-image,,,,Enchantment,pd.items.equipment.weapon.curses,core/src/java/pd/items/equipment/weapon/curses/Wondrous.java,
AresLeech,抽灵%s,no-image,,,,Enchantment,pd.items.equipment.weapon.enchantments,core/src/java/pd/items/equipment/weapon/enchantments/AresLeech.java,
Blazing,烈焰%s,no-image,,,,Enchantment,pd.items.equipment.weapon.enchantments,core/src/java/pd/items/equipment/weapon/enchantments/Blazing.java,
Blocking,招架%s,no-image,,,,Enchantment,pd.items.equipment.weapon.enchantments,core/src/java/pd/items/equipment/weapon/enchantments/Blocking.java,
Blooming,繁茂%s,no-image,,,,Enchantment,pd.items.equipment.weapon.enchantments,core/src/java/pd/items/equipment/weapon/enchantments/Blooming.java,
Chilling,寒霜%s,no-image,,,,Enchantment,pd.items.equipment.weapon.enchantments,core/src/java/pd/items/equipment/weapon/enchantments/Chilling.java,
Corrupting,腐化%s,no-image,,,,Enchantment,pd.items.equipment.weapon.enchantments,core/src/java/pd/items/equipment/weapon/enchantments/Corrupting.java,
CromLuck,锯骨%s,no-image,,,,Enchantment,pd.items.equipment.weapon.enchantments,core/src/java/pd/items/equipment/weapon/enchantments/CromLuck.java,
Crystal,魔晶%s,no-image,,,,Enchantment,pd.items.equipment.weapon.enchantments,core/src/java/pd/items/equipment/weapon/enchantments/Crystal.java,
Elastic,弹性%s,no-image,,,,Enchantment,pd.items.equipment.weapon.enchantments,core/src/java/pd/items/equipment/weapon/enchantments/Elastic.java,
Eldritch,异质%s,no-image,,,,Enchantment,pd.items.equipment.weapon.enchantments,core/src/java/pd/items/equipment/weapon/enchantments/Eldritch.java,
EnchantmentDark,暗影%s,no-image,,,,SpsEnchantment,pd.items.equipment.weapon.enchantments,core/src/java/pd/items/equipment/weapon/enchantments/EnchantmentDark.java,
EnchantmentDark2,咒术%s,no-image,,,,SpsEnchantment,pd.items.equipment.weapon.enchantments,core/src/java/pd/items/equipment/weapon/enchantments/EnchantmentDark2.java,
EnchantmentEarth,自然%s,no-image,,,,SpsEnchantment,pd.items.equipment.weapon.enchantments,core/src/java/pd/items/equipment/weapon/enchantments/EnchantmentEarth.java,
EnchantmentEarth2,酸蚀%s,no-image,,,,SpsEnchantment,pd.items.equipment.weapon.enchantments,core/src/java/pd/items/equipment/weapon/enchantments/EnchantmentEarth2.java,
EnchantmentEnergy,战意%s,no-image,,,,SpsEnchantment,pd.items.equipment.weapon.enchantments,core/src/java/pd/items/equipment/weapon/enchantments/EnchantmentEnergy.java,
EnchantmentEnergy2,剑舞%s,no-image,,,,SpsEnchantment,pd.items.equipment.weapon.enchantments,core/src/java/pd/items/equipment/weapon/enchantments/EnchantmentEnergy2.java,
EnchantmentFire,烈焰%s,no-image,,,,SpsEnchantment,pd.items.equipment.weapon.enchantments,core/src/java/pd/items/equipment/weapon/enchantments/EnchantmentFire.java,
EnchantmentFire2,焦油%s,no-image,,,,SpsEnchantment,pd.items.equipment.weapon.enchantments,core/src/java/pd/items/equipment/weapon/enchantments/EnchantmentFire2.java,
EnchantmentIce,寒潮%s,no-image,,,,SpsEnchantment,pd.items.equipment.weapon.enchantments,core/src/java/pd/items/equipment/weapon/enchantments/EnchantmentIce.java,
EnchantmentIce2,冰霜%s,no-image,,,,SpsEnchantment,pd.items.equipment.weapon.enchantments,core/src/java/pd/items/equipment/weapon/enchantments/EnchantmentIce2.java,
EnchantmentLight,闪耀%s,no-image,,,,SpsEnchantment,pd.items.equipment.weapon.enchantments,core/src/java/pd/items/equipment/weapon/enchantments/EnchantmentLight.java,
EnchantmentLight2,圣光%s,no-image,,,,SpsEnchantment,pd.items.equipment.weapon.enchantments,core/src/java/pd/items/equipment/weapon/enchantments/EnchantmentLight2.java,
EnchantmentShock,乱流%s,no-image,,,,SpsEnchantment,pd.items.equipment.weapon.enchantments,core/src/java/pd/items/equipment/weapon/enchantments/EnchantmentShock.java,
EnchantmentShock2,电震%s,no-image,,,,SpsEnchantment,pd.items.equipment.weapon.enchantments,core/src/java/pd/items/equipment/weapon/enchantments/EnchantmentShock2.java,
Grim,死神%s,no-image,,,,Enchantment,pd.items.equipment.weapon.enchantments,core/src/java/pd/items/equipment/weapon/enchantments/Grim.java,
JupitersHorror,威慑%s,no-image,,,,Enchantment,pd.items.equipment.weapon.enchantments,core/src/java/pd/items/equipment/weapon/enchantments/JupitersHorror.java,
Kinetic,恒动%s,no-image,,,,Enchantment,pd.items.equipment.weapon.enchantments,core/src/java/pd/items/equipment/weapon/enchantments/Kinetic.java,
LokisPoison,猛毒%s,no-image,,,,Enchantment,pd.items.equipment.weapon.enchantments,core/src/java/pd/items/equipment/weapon/enchantments/LokisPoison.java,
Lucky,幸运%s,no-image,,,,Enchantment,pd.items.equipment.weapon.enchantments,core/src/java/pd/items/equipment/weapon/enchantments/Lucky.java,
NeptuneShock,休克%s,no-image,,,,Enchantment,pd.items.equipment.weapon.enchantments,core/src/java/pd/items/equipment/weapon/enchantments/NeptuneShock.java,
Projecting,索敌%s,no-image,,,,Enchantment,pd.items.equipment.weapon.enchantments,core/src/java/pd/items/equipment/weapon/enchantments/Projecting.java,
Shocking,电击%s,no-image,,,,Enchantment,pd.items.equipment.weapon.enchantments,core/src/java/pd/items/equipment/weapon/enchantments/Shocking.java,
SpsEnchantment,,no-image,,,,Enchantment,pd.items.equipment.weapon.enchantments,core/src/java/pd/items/equipment/weapon/enchantments/SpsEnchantment.java,
Unstable,紊乱%s,no-image,,,,Enchantment,pd.items.equipment.weapon.enchantments,core/src/java/pd/items/equipment/weapon/enchantments/Unstable.java,
Vampiric,血饮%s,no-image,,,,Enchantment,pd.items.equipment.weapon.enchantments,core/src/java/pd/items/equipment/weapon/enchantments/Vampiric.java,
Venomous,猛毒%s,no-image,,,,Enchantment,pd.items.equipment.weapon.enchantments,core/src/java/pd/items/equipment/weapon/enchantments/Venomous.java,
Vorpal,锋锐%s,no-image,,,,Enchantment,pd.items.equipment.weapon.enchantments,core/src/java/pd/items/equipment/weapon/enchantments/Vorpal.java,
GunA,A型枪械,filled,EquipmentEquipWeaponBasicWeaponDict.GUN_4,6811,sprites/items/equipment/equip/weapon/basic_weapon.png,GunWeapon,pd.items.equipment.weapon.guns,core/src/java/pd/items/equipment/weapon/guns/GunA.java,
GunB,B型枪械,filled,EquipmentEquipWeaponBasicWeaponDict.GUN_4,6811,sprites/items/equipment/equip/weapon/basic_weapon.png,GunWeapon,pd.items.equipment.weapon.guns,core/src/java/pd/items/equipment/weapon/guns/GunB.java,
GunC,C型枪械,filled,EquipmentEquipWeaponBasicWeaponDict.GUN_4,6811,sprites/items/equipment/equip/weapon/basic_weapon.png,GunWeapon,pd.items.equipment.weapon.guns,core/src/java/pd/items/equipment/weapon/guns/GunC.java,
GunD,D型枪械,filled,EquipmentEquipWeaponBasicWeaponDict.GUN_4,6811,sprites/items/equipment/equip/weapon/basic_weapon.png,GunWeapon,pd.items.equipment.weapon.guns,core/src/java/pd/items/equipment/weapon/guns/GunD.java,
GunE,E型枪械,filled,EquipmentEquipWeaponBasicWeaponDict.GUN_4,6811,sprites/items/equipment/equip/weapon/basic_weapon.png,GunWeapon,pd.items.equipment.weapon.guns,core/src/java/pd/items/equipment/weapon/guns/GunE.java,
GunWeapon,,placeholder,SpecificPlaceHolderDict.SOMETHING_0,,,SpsRangedWeapon,pd.items.equipment.weapon.guns,core/src/java/pd/items/equipment/weapon/guns/GunWeapon.java,
Sling,投石索,filled,EquipmentEquipWeaponBasicWeaponDict.SLING,6813,sprites/items/equipment/equip/weapon/basic_weapon.png,GunWeapon,pd.items.equipment.weapon.guns,core/src/java/pd/items/equipment/weapon/guns/Sling.java,
ToyGun,玩具枪,placeholder,SpecificPlaceHolderDict.SOMETHING_0,,,GunWeapon,pd.items.equipment.weapon.guns,core/src/java/pd/items/equipment/weapon/guns/ToyGun.java,
AssassinsBlade,暗杀之刃,filled,EquipmentEquipWeaponBasicWeaponDict.ASSASSINS_BLADE_0,6785,sprites/items/equipment/equip/weapon/basic_weapon.png,MeleeWeapon,pd.items.equipment.weapon.melee,core/src/java/pd/items/equipment/weapon/melee/AssassinsBlade.java,
BattleAxe,战斧,filled,EquipmentEquipWeaponBasicWeaponDict.BATTLE_AXE_0,6782,sprites/items/equipment/equip/weapon/basic_weapon.png,MeleeWeapon,pd.items.equipment.weapon.melee,core/src/java/pd/items/equipment/weapon/melee/BattleAxe.java,
Crossbow,十字弩,filled,EquipmentEquipWeaponBasicWeaponDict.CROSSBOW_0,6801,sprites/items/equipment/equip/weapon/basic_weapon.png,MeleeWeapon,pd.items.equipment.weapon.melee,core/src/java/pd/items/equipment/weapon/melee/Crossbow.java,
Cudgel,权杖,placeholder,SpecificPlaceHolderDict.SOMETHING_0,,,MeleeWeapon,pd.items.equipment.weapon.melee,core/src/java/pd/items/equipment/weapon/melee/Cudgel.java,
CurseBox,魔箱,no-image,,,,NormalMeleeWeapon,pd.items.equipment.weapon.melee,core/src/java/pd/items/equipment/weapon/melee/CurseBox.java,
Dagger,匕首,filled,EquipmentEquipWeaponBasicWeaponDict.DAGGER_0,6721,sprites/items/equipment/equip/weapon/basic_weapon.png,MeleeWeapon,pd.items.equipment.weapon.melee,core/src/java/pd/items/equipment/weapon/melee/Dagger.java,
Dirk,长匕首,filled,EquipmentEquipWeaponBasicWeaponDict.DIRK_0,6737,sprites/items/equipment/equip/weapon/basic_weapon.png,MeleeWeapon,pd.items.equipment.weapon.melee,core/src/java/pd/items/equipment/weapon/melee/Dirk.java,
Flail,链枷,filled,EquipmentEquipWeaponBasicWeaponDict.FLAIL_0,6783,sprites/items/equipment/equip/weapon/basic_weapon.png,MeleeWeapon,pd.items.equipment.weapon.melee,core/src/java/pd/items/equipment/weapon/melee/Flail.java,
Gauntlet,魔岩拳套,filled,EquipmentEquipWeaponBasicWeaponDict.GAUNTLETS_0,6790,sprites/items/equipment/equip/weapon/basic_weapon.png,MeleeWeapon,pd.items.equipment.weapon.melee,core/src/java/pd/items/equipment/weapon/melee/Gauntlet.java,
Glaive,关刀,filled,EquipmentEquipWeaponBasicWeaponDict.GLAIVE_0,6789,sprites/items/equipment/equip/weapon/basic_weapon.png,MeleeWeapon,pd.items.equipment.weapon.melee,core/src/java/pd/items/equipment/weapon/melee/Glaive.java,
Gloves,镶钉手套,filled,EquipmentEquipWeaponBasicWeaponDict.GLOVES,6723,sprites/items/equipment/equip/weapon/basic_weapon.png,MeleeWeapon,pd.items.equipment.weapon.melee,core/src/java/pd/items/equipment/weapon/melee/Gloves.java,
Greataxe,巨斧,filled,EquipmentEquipWeaponBasicWeaponDict.GREATAXE_0,6795,sprites/items/equipment/equip/weapon/basic_weapon.png,MeleeWeapon,pd.items.equipment.weapon.melee,core/src/java/pd/items/equipment/weapon/melee/Greataxe.java,
Greatshield,巨型方盾,filled,EquipmentEquipWeaponBasicWeaponDict.GREATSHIELD_0,6791,sprites/items/equipment/equip/weapon/basic_weapon.png,MeleeWeapon,pd.items.equipment.weapon.melee,core/src/java/pd/items/equipment/weapon/melee/Greatshield.java,
Greatsword,巨剑,filled,EquipmentEquipWeaponBasicWeaponDict.GREATSWORD_0,6787,sprites/items/equipment/equip/weapon/basic_weapon.png,MeleeWeapon,pd.items.equipment.weapon.melee,core/src/java/pd/items/equipment/weapon/melee/Greatsword.java,
HandAxe,手斧,filled,EquipmentEquipWeaponBasicWeaponDict.HAND_AXE_0,6734,sprites/items/equipment/equip/weapon/basic_weapon.png,MeleeWeapon,pd.items.equipment.weapon.melee,core/src/java/pd/items/equipment/weapon/melee/HandAxe.java,
HandLight,神拳灯,no-image,,,,NormalMeleeWeapon,pd.items.equipment.weapon.melee,core/src/java/pd/items/equipment/weapon/melee/HandLight.java,
HolyWater,圣水,filled,EquipmentEquipWeaponBasicWeaponDict.HOLY_WATER,6747,sprites/items/equipment/equip/weapon/basic_weapon.png,MeleeWeapon,pd.items.equipment.weapon.melee,core/src/java/pd/items/equipment/weapon/melee/HolyWater.java,
Katana,武士刀,placeholder,SpecificPlaceHolderDict.SOMETHING_0,,,MeleeWeapon,pd.items.equipment.weapon.melee,core/src/java/pd/items/equipment/weapon/melee/Katana.java,
Longsword,长剑,filled,EquipmentEquipWeaponBasicWeaponDict.LONGSWORD_0,6781,sprites/items/equipment/equip/weapon/basic_weapon.png,MeleeWeapon,pd.items.equipment.weapon.melee,core/src/java/pd/items/equipment/weapon/melee/Longsword.java,
Mace,硬头锤,filled,EquipmentEquipWeaponBasicWeaponDict.MACE_0,6758,sprites/items/equipment/equip/weapon/basic_weapon.png,MeleeWeapon,pd.items.equipment.weapon.melee,core/src/java/pd/items/equipment/weapon/melee/Mace.java,
MagesStaff,法师魔杖,placeholder,SpecificPlaceHolderDict.SOMETHING_0,,,MeleeWeapon,pd.items.equipment.weapon.melee,core/src/java/pd/items/equipment/weapon/melee/MagesStaff.java,
MeleeWeapon,,no-image,,,,Weapon,pd.items.equipment.weapon.melee,core/src/java/pd/items/equipment/weapon/melee/MeleeWeapon.java,
MirrorDoll,持镜人偶,no-image,,,,NormalMeleeWeapon,pd.items.equipment.weapon.melee,core/src/java/pd/items/equipment/weapon/melee/MirrorDoll.java,
Quarterstaff,铁头棍,filled,EquipmentEquipWeaponBasicWeaponDict.QUARTERSTAFF_0,6729,sprites/items/equipment/equip/weapon/basic_weapon.png,MeleeWeapon,pd.items.equipment.weapon.melee,core/src/java/pd/items/equipment/weapon/melee/Quarterstaff.java,
Rapier,刺剑,filled,EquipmentEquipWeaponBasicWeaponDict.RAPIER_0,6720,sprites/items/equipment/equip/weapon/basic_weapon.png,MeleeWeapon,pd.items.equipment.weapon.melee,core/src/java/pd/items/equipment/weapon/melee/Rapier.java,
RoundShield,圆盾,filled,EquipmentEquipWeaponBasicWeaponDict.ROUND_SHIELD_0,6760,sprites/items/equipment/equip/weapon/basic_weapon.png,MeleeWeapon,pd.items.equipment.weapon.melee,core/src/java/pd/items/equipment/weapon/melee/RoundShield.java,
RunicBlade,符文之刃,placeholder,SpecificPlaceHolderDict.SOMETHING_0,,,MeleeWeapon,pd.items.equipment.weapon.melee,core/src/java/pd/items/equipment/weapon/melee/RunicBlade.java,
Sai,双钗,filled,EquipmentEquipWeaponBasicWeaponDict.SAI_0,6761,sprites/items/equipment/equip/weapon/basic_weapon.png,MeleeWeapon,pd.items.equipment.weapon.melee,core/src/java/pd/items/equipment/weapon/melee/Sai.java,
Scimitar,弯刀,filled,EquipmentEquipWeaponBasicWeaponDict.SCIMITAR,6759,sprites/items/equipment/equip/weapon/basic_weapon.png,MeleeWeapon,pd.items.equipment.weapon.melee,core/src/java/pd/items/equipment/weapon/melee/Scimitar.java,
Shortsword,短剑,filled,EquipmentEquipWeaponBasicWeaponDict.SHORTSWORD_0,6733,sprites/items/equipment/equip/weapon/basic_weapon.png,MeleeWeapon,pd.items.equipment.weapon.melee,core/src/java/pd/items/equipment/weapon/melee/Shortsword.java,
Sickle,短柄镰,filled,EquipmentEquipWeaponBasicWeaponDict.SICKLE_0,6738,sprites/items/equipment/equip/weapon/basic_weapon.png,MeleeWeapon,pd.items.equipment.weapon.melee,core/src/java/pd/items/equipment/weapon/melee/Sickle.java,
Spear,长矛,filled,EquipmentEquipWeaponBasicWeaponDict.SPEAR_0,6735,sprites/items/equipment/equip/weapon/basic_weapon.png,MeleeWeapon,pd.items.equipment.weapon.melee,core/src/java/pd/items/equipment/weapon/melee/Spear.java,
Spellblade,魔剑,placeholder,SpecificPlaceHolderDict.SOMETHING_0,,,MeleeWeapon,pd.items.equipment.weapon.melee,core/src/java/pd/items/equipment/weapon/melee/Spellblade.java,
Spork,皇家叉勺,placeholder,SpecificPlaceHolderDict.SOMETHING_0,,,MeleeWeapon,pd.items.equipment.weapon.melee,core/src/java/pd/items/equipment/weapon/melee/Spork.java,
StoneCross,十碑,no-image,,,,NormalMeleeWeapon,pd.items.equipment.weapon.melee,core/src/java/pd/items/equipment/weapon/melee/StoneCross.java,
Sword,单手剑,filled,EquipmentEquipWeaponBasicWeaponDict.SWORD_0,6757,sprites/items/equipment/equip/weapon/basic_weapon.png,MeleeWeapon,pd.items.equipment.weapon.melee,core/src/java/pd/items/equipment/weapon/melee/Sword.java,
WarHammer,战锤,filled,EquipmentEquipWeaponBasicWeaponDict.WAR_HAMMER_0,6788,sprites/items/equipment/equip/weapon/basic_weapon.png,MeleeWeapon,pd.items.equipment.weapon.melee,core/src/java/pd/items/equipment/weapon/melee/WarHammer.java,
WarScythe,战镰,filled,EquipmentEquipWeaponBasicWeaponDict.WAR_SCYTHE_0,6794,sprites/items/equipment/equip/weapon/basic_weapon.png,MeleeWeapon,pd.items.equipment.weapon.melee,core/src/java/pd/items/equipment/weapon/melee/WarScythe.java,
Whip,长鞭,filled,EquipmentEquipWeaponBasicWeaponDict.WHIP_0,6762,sprites/items/equipment/equip/weapon/basic_weapon.png,MeleeWeapon,pd.items.equipment.weapon.melee,core/src/java/pd/items/equipment/weapon/melee/Whip.java,
WornShortsword,破旧的短剑,filled,EquipmentEquipWeaponBasicWeaponDict.WORN_SHORTSWORD_0,6719,sprites/items/equipment/equip/weapon/basic_weapon.png,MeleeWeapon,pd.items.equipment.weapon.melee,core/src/java/pd/items/equipment/weapon/melee/WornShortsword.java,
GoblinShield,哥布林神盾,no-image,,,,NormalMeleeWeapon,pd.items.equipment.weapon.melee.block,core/src/java/pd/items/equipment/weapon/melee/block/GoblinShield.java,
SpKnuckles,特制指虎,no-image,,,,NormalMeleeWeapon,pd.items.equipment.weapon.melee.block,core/src/java/pd/items/equipment/weapon/melee/block/SpKnuckles.java,
Flute,战斗长笛,filled,EquipmentWandBasicWandDict.WAND_REGROWTH,7001,sprites/items/equipment/wand/basic_wand.png,Mace,pd.items.equipment.weapon.melee.fusion,core/src/java/pd/items/equipment/weapon/melee/fusion/Flute.java,
FusionWeapon,,no-image,,,,,pd.items.equipment.weapon.melee.fusion,core/src/java/pd/items/equipment/weapon/melee/fusion/FusionWeapon.java,
Harp,战斗竖琴,placeholder,SpecificPlaceHolderDict.SOMETHING_0,,,Scimitar,pd.items.equipment.weapon.melee.fusion,core/src/java/pd/items/equipment/weapon/melee/fusion/Harp.java,
Nunchaku,双节棍,filled,EquipmentEquipWeaponBasicWeaponDict.SAI_0,6761,sprites/items/equipment/equip/weapon/basic_weapon.png,Sai,pd.items.equipment.weapon.melee.fusion,core/src/java/pd/items/equipment/weapon/melee/fusion/Nunchaku.java,
PrayerWheel,转经轮,filled,EquipmentEquipWeaponBasicWeaponDict.ROUND_SHIELD_0,6760,sprites/items/equipment/equip/weapon/basic_weapon.png,Mace,pd.items.equipment.weapon.melee.fusion,core/src/java/pd/items/equipment/weapon/melee/fusion/PrayerWheel.java,
ReedPipe,牧笛,placeholder,SpecificPlaceHolderDict.SOMETHING_0,,,Whip,pd.items.equipment.weapon.melee.fusion,core/src/java/pd/items/equipment/weapon/melee/fusion/ReedPipe.java,
RitualBlade,仪式剑,filled,EquipmentEquipWeaponBasicWeaponDict.SICKLE_0,6738,sprites/items/equipment/equip/weapon/basic_weapon.png,Sword,pd.items.equipment.weapon.melee.fusion,core/src/java/pd/items/equipment/weapon/melee/fusion/RitualBlade.java,
Triangolo,三角铁,filled,EquipmentEquipWeaponBasicWeaponDict.SAI_0,6761,sprites/items/equipment/equip/weapon/basic_weapon.png,Shortsword,pd.items.equipment.weapon.melee.fusion,core/src/java/pd/items/equipment/weapon/melee/fusion/Triangolo.java,
Trumpet,战争号角,filled,EquipmentEquipWeaponBasicWeaponDict.WAR_HAMMER_0,6788,sprites/items/equipment/equip/weapon/basic_weapon.png,WarHammer,pd.items.equipment.weapon.melee.fusion,core/src/java/pd/items/equipment/weapon/melee/fusion/Trumpet.java,
VerdantGuard,森之守御,filled,EquipmentEquipWeaponBasicWeaponDict.ROUND_SHIELD_0,6760,sprites/items/equipment/equip/weapon/basic_weapon.png,Quarterstaff,pd.items.equipment.weapon.melee.fusion,core/src/java/pd/items/equipment/weapon/melee/fusion/VerdantGuard.java,
WarDrum,战鼓,filled,EquipmentEquipWeaponBasicWeaponDict.WAR_HAMMER_0,6788,sprites/items/equipment/equip/weapon/basic_weapon.png,Mace,pd.items.equipment.weapon.melee.fusion,core/src/java/pd/items/equipment/weapon/melee/fusion/WarDrum.java,
WindBottle,风瓶,filled,EquipmentWandBasicWandDict.WAND_BLAST_WAVE_0,7010,sprites/items/equipment/wand/basic_wand.png,Sword,pd.items.equipment.weapon.melee.fusion,core/src/java/pd/items/equipment/weapon/melee/fusion/WindBottle.java,
AssassinsBlade,暗杀之刃,no-image,,,,NormalMeleeWeapon,pd.items.equipment.weapon.melee.normalweapon,core/src/java/pd/items/equipment/weapon/melee/normalweapon/AssassinsBlade.java,
BattleAxe,战斧,no-image,,,,NormalMeleeWeapon,pd.items.equipment.weapon.melee.normalweapon,core/src/java/pd/items/equipment/weapon/melee/normalweapon/BattleAxe.java,
Club,棒槌,no-image,,,,NormalMeleeWeapon,pd.items.equipment.weapon.melee.normalweapon,core/src/java/pd/items/equipment/weapon/melee/normalweapon/Club.java,
Dagger,匕首,no-image,,,,NormalMeleeWeapon,pd.items.equipment.weapon.melee.normalweapon,core/src/java/pd/items/equipment/weapon/melee/normalweapon/Dagger.java,
Dualknive,对剑,no-image,,,,NormalMeleeWeapon,pd.items.equipment.weapon.melee.normalweapon,core/src/java/pd/items/equipment/weapon/melee/normalweapon/Dualknive.java,
FightGloves,战斗拳套,no-image,,,,NormalMeleeWeapon,pd.items.equipment.weapon.melee.normalweapon,core/src/java/pd/items/equipment/weapon/melee/normalweapon/FightGloves.java,
Glaive,关刀,no-image,,,,NormalMeleeWeapon,pd.items.equipment.weapon.melee.normalweapon,core/src/java/pd/items/equipment/weapon/melee/normalweapon/Glaive.java,
Gsword,巨剑,no-image,,,,NormalMeleeWeapon,pd.items.equipment.weapon.melee.normalweapon,core/src/java/pd/items/equipment/weapon/melee/normalweapon/Gsword.java,
Halberd,戟斧,no-image,,,,NormalMeleeWeapon,pd.items.equipment.weapon.melee.normalweapon,core/src/java/pd/items/equipment/weapon/melee/normalweapon/Halberd.java,
Handaxe,手斧,no-image,,,,NormalMeleeWeapon,pd.items.equipment.weapon.melee.normalweapon,core/src/java/pd/items/equipment/weapon/melee/normalweapon/Handaxe.java,
Knuckles,指虎,no-image,,,,NormalMeleeWeapon,pd.items.equipment.weapon.melee.normalweapon,core/src/java/pd/items/equipment/weapon/melee/normalweapon/Knuckles.java,
Lance,骑士枪,no-image,,,,NormalMeleeWeapon,pd.items.equipment.weapon.melee.normalweapon,core/src/java/pd/items/equipment/weapon/melee/normalweapon/Lance.java,
MageBook,魔典,no-image,,,,NormalMeleeWeapon,pd.items.equipment.weapon.melee.normalweapon,core/src/java/pd/items/equipment/weapon/melee/normalweapon/MageBook.java,
NormalMeleeWeapon,,placeholder,image,,,MeleeWeapon,pd.items.equipment.weapon.melee.normalweapon,core/src/java/pd/items/equipment/weapon/melee/normalweapon/NormalMeleeWeapon.java,
Nunchakus,双截棍,no-image,,,,NormalMeleeWeapon,pd.items.equipment.weapon.melee.normalweapon,core/src/java/pd/items/equipment/weapon/melee/normalweapon/Nunchakus.java,
Rapier,刺剑,no-image,,,,NormalMeleeWeapon,pd.items.equipment.weapon.melee.normalweapon,core/src/java/pd/items/equipment/weapon/melee/normalweapon/Rapier.java,
Scimitar,弯刀,no-image,,,,NormalMeleeWeapon,pd.items.equipment.weapon.melee.normalweapon,core/src/java/pd/items/equipment/weapon/melee/normalweapon/Scimitar.java,
ShortSword,短剑,no-image,,,,NormalMeleeWeapon,pd.items.equipment.weapon.melee.normalweapon,core/src/java/pd/items/equipment/weapon/melee/normalweapon/ShortSword.java,
Spear,长矛,no-image,,,,NormalMeleeWeapon,pd.items.equipment.weapon.melee.normalweapon,core/src/java/pd/items/equipment/weapon/melee/normalweapon/Spear.java,
TrickSand,诡异沙尘,no-image,,,,NormalMeleeWeapon,pd.items.equipment.weapon.melee.normalweapon,core/src/java/pd/items/equipment/weapon/melee/normalweapon/TrickSand.java,
WarHammer,战锤,no-image,,,,NormalMeleeWeapon,pd.items.equipment.weapon.melee.normalweapon,core/src/java/pd/items/equipment/weapon/melee/normalweapon/WarHammer.java,
Whip,长鞭,no-image,,,,NormalMeleeWeapon,pd.items.equipment.weapon.melee.normalweapon,core/src/java/pd/items/equipment/weapon/melee/normalweapon/Whip.java,
WoodenStaff,木杖,no-image,,,,NormalMeleeWeapon,pd.items.equipment.weapon.melee.normalweapon,core/src/java/pd/items/equipment/weapon/melee/normalweapon/WoodenStaff.java,
AresSword,萃魂长剑,placeholder,SpecificPlaceHolderDict.SOMETHING_0,,,RelicMeleeWeapon,pd.items.equipment.weapon.melee.relic,core/src/java/pd/items/equipment/weapon/melee/relic/AresSword.java,
CromCruachAxe,碎肉巨斧,placeholder,SpecificPlaceHolderDict.SOMETHING_0,,,RelicMeleeWeapon,pd.items.equipment.weapon.melee.relic,core/src/java/pd/items/equipment/weapon/melee/relic/CromCruachAxe.java,
JupitersWraith,落岩圆刃,placeholder,SpecificPlaceHolderDict.SOMETHING_0,,,RelicMeleeWeapon,pd.items.equipment.weapon.melee.relic,core/src/java/pd/items/equipment/weapon/melee/relic/JupitersWraith.java,
LokisFlail,重型链枷,placeholder,SpecificPlaceHolderDict.SOMETHING_0,,,RelicMeleeWeapon,pd.items.equipment.weapon.melee.relic,core/src/java/pd/items/equipment/weapon/melee/relic/LokisFlail.java,
NeptunusTrident,三叉水戟,filled,EquipmentEquipWeaponBasicWeaponDict.SHOCK_TRIDENT,6796,sprites/items/equipment/equip/weapon/basic_weapon.png,RelicMeleeWeapon,pd.items.equipment.weapon.melee.relic,core/src/java/pd/items/equipment/weapon/melee/relic/NeptunusTrident.java,
RelicMeleeWeapon,,no-image,,,,SpsRelicWeapon,pd.items.equipment.weapon.melee.relic,core/src/java/pd/items/equipment/weapon/melee/relic/RelicMeleeWeapon.java,
SpsRelicWeapon,,no-image,,,,MeleeWeapon,pd.items.equipment.weapon.melee.relic,core/src/java/pd/items/equipment/weapon/melee/relic/SpsRelicWeapon.java,
AFlySock,单只的袜子,placeholder,SpecificPlaceHolderDict.SOMETHING_0,,,MeleeWeapon,pd.items.equipment.weapon.melee.special,core/src/java/pd/items/equipment/weapon/melee/special/AFlySock.java,
ErrorW,错误武器,placeholder,SpecificPlaceHolderDict.SOMETHING_0,,,MeleeWeapon,pd.items.equipment.weapon.melee.special,core/src/java/pd/items/equipment/weapon/melee/special/ErrorW.java,
FireCracker,鞭炮,filled,EquipmentEquipWeaponBasicWeaponDict.FIRE_CRACKER_0,6779,sprites/items/equipment/equip/weapon/basic_weapon.png,MeleeWeapon,pd.items.equipment.weapon.melee.special,core/src/java/pd/items/equipment/weapon/melee/special/FireCracker.java,
Goei,驱魔御币,no-image,,,,SpsSpecialMeleeWeapon,pd.items.equipment.weapon.melee.special,core/src/java/pd/items/equipment/weapon/melee/special/Goei.java,
Handcannon,奥能火炮,placeholder,SpecificPlaceHolderDict.SOMETHING_0,,,MeleeWeapon,pd.items.equipment.weapon.melee.special,core/src/java/pd/items/equipment/weapon/melee/special/Handcannon.java,
HookHam,钩子和火腿,no-image,,,,SpsSpecialMeleeWeapon,pd.items.equipment.weapon.melee.special,core/src/java/pd/items/equipment/weapon/melee/special/HookHam.java,
KeyWeapon,天堂之门,no-image,,,,SpsSpecialMeleeWeapon,pd.items.equipment.weapon.melee.special,core/src/java/pd/items/equipment/weapon/melee/special/KeyWeapon.java,
Lollipop,棒棒糖,no-image,,,,SpsSpecialMeleeWeapon,pd.items.equipment.weapon.melee.special,core/src/java/pd/items/equipment/weapon/melee/special/Lollipop.java,
MeleePan,平底煎锅,placeholder,SpecificPlaceHolderDict.SOMETHING_0,,,MeleeWeapon,pd.items.equipment.weapon.melee.special,core/src/java/pd/items/equipment/weapon/melee/special/MeleePan.java,
NinjaFan,忍者蒲扇,no-image,,,,NormalMeleeWeapon,pd.items.equipment.weapon.melee.special,core/src/java/pd/items/equipment/weapon/melee/special/NinjaFan.java,
PaperFan,折叠纸扇,no-image,,,,SpsSpecialMeleeWeapon,pd.items.equipment.weapon.melee.special,core/src/java/pd/items/equipment/weapon/melee/special/PaperFan.java,
Pumpkin,南瓜灯,placeholder,SpecificPlaceHolderDict.SOMETHING_0,,,MeleeWeapon,pd.items.equipment.weapon.melee.special,core/src/java/pd/items/equipment/weapon/melee/special/Pumpkin.java,
RunicBlade,符文之刃,placeholder,SpecificPlaceHolderDict.SOMETHING_0,,,MeleeWeapon,pd.items.equipment.weapon.melee.special,core/src/java/pd/items/equipment/weapon/melee/special/RunicBlade.java,
ShadowEater,暗噬,placeholder,SpecificPlaceHolderDict.SOMETHING_0,,,MeleeWeapon,pd.items.equipment.weapon.melee.special,core/src/java/pd/items/equipment/weapon/melee/special/ShadowEater.java,
SJRBMusic,S-J-R-B音乐套装,placeholder,SpecificPlaceHolderDict.SOMETHING_0,,,MeleeWeapon,pd.items.equipment.weapon.melee.special,core/src/java/pd/items/equipment/weapon/melee/special/SJRBMusic.java,
SpsSpecialMeleeWeapon,,placeholder,image,,,MeleeWeapon,pd.items.equipment.weapon.melee.special,core/src/java/pd/items/equipment/weapon/melee/special/SpsSpecialMeleeWeapon.java,
TekkoKagi,攻击之爪,no-image,,,,SpsSpecialMeleeWeapon,pd.items.equipment.weapon.melee.special,core/src/java/pd/items/equipment/weapon/melee/special/TekkoKagi.java,
TenguSword,,filled,SpecificTaskDict.ROGUE_CHALLENGE,7123,sprites/items/specific/task.png,MeleeWeapon,pd.items.equipment.weapon.melee.special,core/src/java/pd/items/equipment/weapon/melee/special/TenguSword.java,
TestWeapon,测试武器,no-image,,,,NormalMeleeWeapon,pd.items.equipment.weapon.melee.special,core/src/java/pd/items/equipment/weapon/melee/special/TestWeapon.java,
WraithBreath,幽灵之息,no-image,,,,SpsSpecialMeleeWeapon,pd.items.equipment.weapon.melee.special,core/src/java/pd/items/equipment/weapon/melee/special/WraithBreath.java,
XiXiBox,牢固的箱子,placeholder,SpecificPlaceHolderDict.SOMETHING_0,,,MeleeWeapon,pd.items.equipment.weapon.melee.special,core/src/java/pd/items/equipment/weapon/melee/special/XiXiBox.java,
BeastKnive,兽性匕首,no-image,,,,NormalMeleeWeapon,pd.items.equipment.weapon.melee.start,core/src/java/pd/items/equipment/weapon/melee/start/BeastKnive.java,
BraveBook,勇者之书,no-image,,,,NormalMeleeWeapon,pd.items.equipment.weapon.melee.start,core/src/java/pd/items/equipment/weapon/melee/start/BraveBook.java,
BunnyDagger,兔人小刀,no-image,,,,NormalMeleeWeapon,pd.items.equipment.weapon.melee.start,core/src/java/pd/items/equipment/weapon/melee/start/BunnyDagger.java,
BunnySpanner,兔人扳手,no-image,,,,NormalMeleeWeapon,pd.items.equipment.weapon.melee.start,core/src/java/pd/items/equipment/weapon/melee/start/BunnySpanner.java,
DemonBlade,恶魔刀锋,no-image,,,,NormalMeleeWeapon,pd.items.equipment.weapon.melee.start,core/src/java/pd/items/equipment/weapon/melee/start/DemonBlade.java,
DiamondPickaxe,史蒂夫的钻石镐,no-image,,,,NormalMeleeWeapon,pd.items.equipment.weapon.melee.start,core/src/java/pd/items/equipment/weapon/melee/start/DiamondPickaxe.java,
EleKatana,武士雷刀,no-image,,,,NormalMeleeWeapon,pd.items.equipment.weapon.melee.start,core/src/java/pd/items/equipment/weapon/melee/start/EleKatana.java,
HolyMace,圣洁钉锤,no-image,,,,NormalMeleeWeapon,pd.items.equipment.weapon.melee.start,core/src/java/pd/items/equipment/weapon/melee/start/HolyMace.java,
LinkSword,海拉鲁传奇,no-image,,,,NormalMeleeWeapon,pd.items.equipment.weapon.melee.start,core/src/java/pd/items/equipment/weapon/melee/start/LinkSword.java,
PixelTorch,像素火把,no-image,,,,NormalMeleeWeapon,pd.items.equipment.weapon.melee.start,core/src/java/pd/items/equipment/weapon/melee/start/PixelTorch.java,
Whisk,拂尘和木剑,no-image,,,,NormalMeleeWeapon,pd.items.equipment.weapon.melee.start,core/src/java/pd/items/equipment/weapon/melee/start/Whisk.java,
XSaber,X能量剑,no-image,,,,NormalMeleeWeapon,pd.items.equipment.weapon.melee.start,core/src/java/pd/items/equipment/weapon/melee/start/XSaber.java,
Bolas,流星索,filled,ConsumThrowsDict.BOLAS_0,6609,sprites/items/consum/throws.png,MissileWeapon,pd.items.equipment.weapon.missiles,core/src/java/pd/items/equipment/weapon/missiles/Bolas.java,
ElfBow,暗夜短弓,filled,EquipmentEquipWeaponUniqueWeaponDict.SPS_ELF_BOW_0,6847,sprites/items/equipment/equip/weapon/unique_weapon.png,Weapon,pd.items.equipment.weapon.missiles,core/src/java/pd/items/equipment/weapon/missiles/ElfBow.java,
FishingSpear,捕鱼矛,filled,ConsumThrowsDict.FISHING_SPEAR_0,6605,sprites/items/consum/throws.png,MissileWeapon,pd.items.equipment.weapon.missiles,core/src/java/pd/items/equipment/weapon/missiles/FishingSpear.java,
ForceCube,震爆方石,filled,ConsumThrowsDict.FORCE_CUBE_0,6617,sprites/items/consum/throws.png,MissileWeapon,pd.items.equipment.weapon.missiles,core/src/java/pd/items/equipment/weapon/missiles/ForceCube.java,
HeavyBoomerang,重型回旋镖,filled,ConsumThrowsDict.BOOMERANG_0,6614,sprites/items/consum/throws.png,MissileWeapon,pd.items.equipment.weapon.missiles,core/src/java/pd/items/equipment/weapon/missiles/HeavyBoomerang.java,
Javelin,标枪,filled,ConsumThrowsDict.JAVELIN_0,6612,sprites/items/consum/throws.png,MissileWeapon,pd.items.equipment.weapon.missiles,core/src/java/pd/items/equipment/weapon/missiles/Javelin.java,
Kunai,苦无,filled,ConsumThrowsDict.KUNAI_0,6610,sprites/items/consum/throws.png,MissileWeapon,pd.items.equipment.weapon.missiles,core/src/java/pd/items/equipment/weapon/missiles/Kunai.java,
ManyKnive,十六夜的千支刀,filled,EquipmentEquipWeaponUniqueWeaponDict.MANY_KNIVE_0,6846,sprites/items/equipment/equip/weapon/unique_weapon.png,Weapon,pd.items.equipment.weapon.missiles,core/src/java/pd/items/equipment/weapon/missiles/ManyKnive.java,
MegaCannon,洛克手炮,placeholder,SpecificPlaceHolderDict.SOMETHING_0,,,SpsRangedWeapon,pd.items.equipment.weapon.missiles,core/src/java/pd/items/equipment/weapon/missiles/MegaCannon.java,
MissileWeapon,,placeholder,SpecificPlaceHolderDict.SOMETHING_0,,,Weapon,pd.items.equipment.weapon.missiles,core/src/java/pd/items/equipment/weapon/missiles/MissileWeapon.java,
MoneyPack,红包,filled,EquipmentEquipWeaponBasicWeaponDict.MONEY_PACK,6770,sprites/items/equipment/equip/weapon/basic_weapon.png,MissileWeapon,pd.items.equipment.weapon.missiles,core/src/java/pd/items/equipment/weapon/missiles/MoneyPack.java,
ShitBall,污团,placeholder,SpecificPlaceHolderDict.SOMETHING_0,,,MissileWeapon,pd.items.equipment.weapon.missiles,core/src/java/pd/items/equipment/weapon/missiles/ShitBall.java,
ShootGun,科技霰弹枪,placeholder,SpecificPlaceHolderDict.SOMETHING_0,,,SpsRangedWeapon,pd.items.equipment.weapon.missiles,core/src/java/pd/items/equipment/weapon/missiles/ShootGun.java,
Shuriken,手里剑,filled,ConsumThrowsDict.SHURIKEN_0,6606,sprites/items/consum/throws.png,MissileWeapon,pd.items.equipment.weapon.missiles,core/src/java/pd/items/equipment/weapon/missiles/Shuriken.java,
TaurcenBow,马人长弓,filled,EquipmentEquipWeaponUniqueWeaponDict.SPS_TAURCEN_BOW_0,6845,sprites/items/equipment/equip/weapon/unique_weapon.png,Weapon,pd.items.equipment.weapon.missiles,core/src/java/pd/items/equipment/weapon/missiles/TaurcenBow.java,
ThrowingClub,飞槌,filled,ConsumThrowsDict.THROWING_CLUB_0,6607,sprites/items/consum/throws.png,MissileWeapon,pd.items.equipment.weapon.missiles,core/src/java/pd/items/equipment/weapon/missiles/ThrowingClub.java,
ThrowingHammer,投掷锤,filled,ConsumThrowsDict.THROWING_HAMMER_0,6616,sprites/items/consum/throws.png,MissileWeapon,pd.items.equipment.weapon.missiles,core/src/java/pd/items/equipment/weapon/missiles/ThrowingHammer.java,
ThrowingKnife,飞刀,filled,ConsumThrowsDict.THROWING_KNIFE_0,6603,sprites/items/consum/throws.png,MissileWeapon,pd.items.equipment.weapon.missiles,core/src/java/pd/items/equipment/weapon/missiles/ThrowingKnife.java,
ThrowingSpear,投矛,filled,ConsumThrowsDict.THROWING_SPEAR_0,6608,sprites/items/consum/throws.png,MissileWeapon,pd.items.equipment.weapon.missiles,core/src/java/pd/items/equipment/weapon/missiles/ThrowingSpear.java,
ThrowingSpike,飞刺,filled,ConsumThrowsDict.THROWING_SPIKE_0,6602,sprites/items/consum/throws.png,MissileWeapon,pd.items.equipment.weapon.missiles,core/src/java/pd/items/equipment/weapon/missiles/ThrowingSpike.java,
ThrowingStone,投石,filled,ConsumThrowsDict.THROWING_STONE_0,6604,sprites/items/consum/throws.png,MissileWeapon,pd.items.equipment.weapon.missiles,core/src/java/pd/items/equipment/weapon/missiles/ThrowingStone.java,
Tomahawk,飞斧,filled,ConsumThrowsDict.TOMAHAWK_0,6613,sprites/items/consum/throws.png,MissileWeapon,pd.items.equipment.weapon.missiles,core/src/java/pd/items/equipment/weapon/missiles/Tomahawk.java,
Trident,三叉戟,filled,ConsumThrowsDict.TRIDENT_0,6615,sprites/items/consum/throws.png,MissileWeapon,pd.items.equipment.weapon.missiles,core/src/java/pd/items/equipment/weapon/missiles/Trident.java,
Arrows,,no-image,,,,MissileWeapon,pd.items.equipment.weapon.missiles.arrows,core/src/java/pd/items/equipment/weapon/missiles/arrows/Arrows.java,
BlindFruit,闪耀果,placeholder,SpecificPlaceHolderDict.SOMETHING_0,,,MissileWeapon,pd.items.equipment.weapon.missiles.arrows,core/src/java/pd/items/equipment/weapon/missiles/arrows/BlindFruit.java,
CharmFruit,魅惑果,no-image,,,,SpsFruit,pd.items.equipment.weapon.missiles.arrows,core/src/java/pd/items/equipment/weapon/missiles/arrows/CharmFruit.java,
FireFruit,火焰果,no-image,,,,SpsFruit,pd.items.equipment.weapon.missiles.arrows,core/src/java/pd/items/equipment/weapon/missiles/arrows/FireFruit.java,
GlassFruit,水晶果,filled,ConsumPotionSeedSeedDict.SEED_BLINDWEED_0,6482,sprites/items/consum/potion_seed/seed.png,MissileWeapon,pd.items.equipment.weapon.missiles.arrows,core/src/java/pd/items/equipment/weapon/missiles/arrows/GlassFruit.java,
HealFruit,疗伤果,no-image,,,,SpsFruit,pd.items.equipment.weapon.missiles.arrows,core/src/java/pd/items/equipment/weapon/missiles/arrows/HealFruit.java,
IceFruit,冰霜果,no-image,,,,SpsFruit,pd.items.equipment.weapon.missiles.arrows,core/src/java/pd/items/equipment/weapon/missiles/arrows/IceFruit.java,
MagicHand,魔术手,filled,ConsumThrowsDict.MAGIC_HAND,6620,sprites/items/consum/throws.png,Arrows,pd.items.equipment.weapon.missiles.arrows,core/src/java/pd/items/equipment/weapon/missiles/arrows/MagicHand.java,
NutFruit,硬壳果,no-image,,,,SpsFruit,pd.items.equipment.weapon.missiles.arrows,core/src/java/pd/items/equipment/weapon/missiles/arrows/NutFruit.java,
RiceBall,糯米团,filled,ConsumThrowsDict.RICE_BALL,6628,sprites/items/consum/throws.png,Arrows,pd.items.equipment.weapon.missiles.arrows,core/src/java/pd/items/equipment/weapon/missiles/arrows/RiceBall.java,
RootFruit,缠绕果,no-image,,,,SpsFruit,pd.items.equipment.weapon.missiles.arrows,core/src/java/pd/items/equipment/weapon/missiles/arrows/RootFruit.java,
ShockFruit,乱流果,no-image,,,,SpsFruit,pd.items.equipment.weapon.missiles.arrows,core/src/java/pd/items/equipment/weapon/missiles/arrows/ShockFruit.java,
SmokeFruit,烟雾果,no-image,,,,SpsFruit,pd.items.equipment.weapon.missiles.arrows,core/src/java/pd/items/equipment/weapon/missiles/arrows/SmokeFruit.java,
SpsFruit,,placeholder,image,,,MissileWeapon,pd.items.equipment.weapon.missiles.arrows,core/src/java/pd/items/equipment/weapon/missiles/arrows/SpsFruit.java,
ToxicFruit,毒液果,no-image,,,,SpsFruit,pd.items.equipment.weapon.missiles.arrows,core/src/java/pd/items/equipment/weapon/missiles/arrows/ToxicFruit.java,
BookBlock,书架方块,no-image,,,,LegacyBuildBlock,pd.items.equipment.weapon.missiles.buildblock,core/src/java/pd/items/equipment/weapon/missiles/buildblock/BookBlock.java,
BuildBlock,,no-image,,,,MissileWeapon,pd.items.equipment.weapon.missiles.buildblock,core/src/java/pd/items/equipment/weapon/missiles/buildblock/BuildBlock.java,
DoorBlock,造门方块,filled,ConsumThrowsDict.DOOR_BLOCK_PLACER,6631,sprites/items/consum/throws.png,BuildBlock,pd.items.equipment.weapon.missiles.buildblock,core/src/java/pd/items/equipment/weapon/missiles/buildblock/DoorBlock.java,
LegacyBuildBlock,,placeholder,image,,,BuildBlock,pd.items.equipment.weapon.missiles.buildblock,core/src/java/pd/items/equipment/weapon/missiles/buildblock/LegacyBuildBlock.java,
PlantPotBlock,种植盆,placeholder,SpecificPlaceHolderDict.SOMETHING_0,,,BuildBlock,pd.items.equipment.weapon.missiles.buildblock,core/src/java/pd/items/equipment/weapon/missiles/buildblock/PlantPotBlock.java,
StoneBlock,石制方块,no-image,,,,LegacyBuildBlock,pd.items.equipment.weapon.missiles.buildblock,core/src/java/pd/items/equipment/weapon/missiles/buildblock/StoneBlock.java,
WallBlock,墙壁方块,no-image,,,,LegacyBuildBlock,pd.items.equipment.weapon.missiles.buildblock,core/src/java/pd/items/equipment/weapon/missiles/buildblock/WallBlock.java,
WaterBlock,水块,no-image,,,,LegacyBuildBlock,pd.items.equipment.weapon.missiles.buildblock,core/src/java/pd/items/equipment/weapon/missiles/buildblock/WaterBlock.java,
WoodenBlock,木制方块,no-image,,,,LegacyBuildBlock,pd.items.equipment.weapon.missiles.buildblock,core/src/java/pd/items/equipment/weapon/missiles/buildblock/WoodenBlock.java,
AdrenalineDart,激素飞镖,filled,ConsumThrowsDict.ADRENALINE_DART_0,6642,sprites/items/consum/throws.png,TippedDart,pd.items.equipment.weapon.missiles.darts,core/src/java/pd/items/equipment/weapon/missiles/darts/AdrenalineDart.java,
BlindingDart,致盲飞镖,filled,ConsumThrowsDict.BLINDING_DART_0,6651,sprites/items/consum/throws.png,TippedDart,pd.items.equipment.weapon.missiles.darts,core/src/java/pd/items/equipment/weapon/missiles/darts/BlindingDart.java,
ChillingDart,寒霜飞镖,filled,ConsumThrowsDict.CHILLING_DART_0,6644,sprites/items/consum/throws.png,TippedDart,pd.items.equipment.weapon.missiles.darts,core/src/java/pd/items/equipment/weapon/missiles/darts/ChillingDart.java,
CleansingDart,净化飞镖,filled,ConsumThrowsDict.CLEANSING_DART_0,6647,sprites/items/consum/throws.png,TippedDart,pd.items.equipment.weapon.missiles.darts,core/src/java/pd/items/equipment/weapon/missiles/darts/CleansingDart.java,
Dart,飞镖,placeholder,SpecificPlaceHolderDict.SOMETHING_0,,,MissileWeapon,pd.items.equipment.weapon.missiles.darts,core/src/java/pd/items/equipment/weapon/missiles/darts/Dart.java,
DisplacingDart,传送飞镖,filled,ConsumThrowsDict.DISPLACING_DART_0,6650,sprites/items/consum/throws.png,TippedDart,pd.items.equipment.weapon.missiles.darts,core/src/java/pd/items/equipment/weapon/missiles/darts/DisplacingDart.java,
HealingDart,治疗飞镖,filled,ConsumThrowsDict.HEALING_DART_0,6643,sprites/items/consum/throws.png,TippedDart,pd.items.equipment.weapon.missiles.darts,core/src/java/pd/items/equipment/weapon/missiles/darts/HealingDart.java,
HolyDart,神圣飞镖,filled,ConsumThrowsDict.HOLY_DART_0,6649,sprites/items/consum/throws.png,TippedDart,pd.items.equipment.weapon.missiles.darts,core/src/java/pd/items/equipment/weapon/missiles/darts/HolyDart.java,
IncendiaryDart,燃烧飞镖,filled,ConsumThrowsDict.INCENDIARY_DART_0,6641,sprites/items/consum/throws.png,TippedDart,pd.items.equipment.weapon.missiles.darts,core/src/java/pd/items/equipment/weapon/missiles/darts/IncendiaryDart.java,
ParalyticDart,麻痹飞镖,filled,ConsumThrowsDict.PARALYTIC_DART_0,6648,sprites/items/consum/throws.png,TippedDart,pd.items.equipment.weapon.missiles.darts,core/src/java/pd/items/equipment/weapon/missiles/darts/ParalyticDart.java,
PoisonDart,毒液飞镖,filled,ConsumThrowsDict.POISON_DART_0,6646,sprites/items/consum/throws.png,TippedDart,pd.items.equipment.weapon.missiles.darts,core/src/java/pd/items/equipment/weapon/missiles/darts/PoisonDart.java,
RotDart,腐莓飞镖,filled,ConsumThrowsDict.ROT_DART_0,6640,sprites/items/consum/throws.png,TippedDart,pd.items.equipment.weapon.missiles.darts,core/src/java/pd/items/equipment/weapon/missiles/darts/RotDart.java,
ShockingDart,电击飞镖,filled,ConsumThrowsDict.SHOCKING_DART_0,6645,sprites/items/consum/throws.png,TippedDart,pd.items.equipment.weapon.missiles.darts,core/src/java/pd/items/equipment/weapon/missiles/darts/ShockingDart.java,
TippedDart,,no-image,,,,Dart,pd.items.equipment.weapon.missiles.darts,core/src/java/pd/items/equipment/weapon/missiles/darts/TippedDart.java,
RocketMissile,火箭弹,no-image,,,,Javelin,pd.items.equipment.weapon.missiles.fusion,core/src/java/pd/items/equipment/weapon/missiles/fusion/RocketMissile.java,
TempestBoomerang,风暴回旋镖,no-image,,,,HeavyBoomerang,pd.items.equipment.weapon.missiles.fusion,core/src/java/pd/items/equipment/weapon/missiles/fusion/TempestBoomerang.java,
Brick,砖头,no-image,,,,MeleeThrowWeapon,pd.items.equipment.weapon.missiles.meleethrow,core/src/java/pd/items/equipment/weapon/missiles/meleethrow/Brick.java,
DragonBoat,龙舟模型,no-image,,,,MeleeThrowWeapon,pd.items.equipment.weapon.missiles.meleethrow,core/src/java/pd/items/equipment/weapon/missiles/meleethrow/DragonBoat.java,
HugeShuriken,巨型手里剑,no-image,,,,MeleeThrowWeapon,pd.items.equipment.weapon.missiles.meleethrow,core/src/java/pd/items/equipment/weapon/missiles/meleethrow/HugeShuriken.java,
MeleeThrowWeapon,,placeholder,image,,,MissileWeapon,pd.items.equipment.weapon.missiles.meleethrow,core/src/java/pd/items/equipment/weapon/missiles/meleethrow/MeleeThrowWeapon.java,
MiniMoai,迷你复活节岛石雕,no-image,,,,MeleeThrowWeapon,pd.items.equipment.weapon.missiles.meleethrow,core/src/java/pd/items/equipment/weapon/missiles/meleethrow/MiniMoai.java,
SmallChakram,小圆刃,no-image,,,,MeleeThrowWeapon,pd.items.equipment.weapon.missiles.meleethrow,core/src/java/pd/items/equipment/weapon/missiles/meleethrow/SmallChakram.java,
Tamahawk,飞斧,no-image,,,,MeleeThrowWeapon,pd.items.equipment.weapon.missiles.meleethrow,core/src/java/pd/items/equipment/weapon/missiles/meleethrow/Tamahawk.java,
Tree,圣诞树,no-image,,,,MeleeThrowWeapon,pd.items.equipment.weapon.missiles.meleethrow,core/src/java/pd/items/equipment/weapon/missiles/meleethrow/Tree.java,
Boomerang,回旋镖,filled,ConsumThrowsDict.BOOMERANG_0,6614,sprites/items/consum/throws.png,MissileWeapon,pd.items.equipment.weapon.missiles.throwing,core/src/java/pd/items/equipment/weapon/missiles/throwing/Boomerang.java,
BottleFire,瓶装火焰,placeholder,SpecificPlaceHolderDict.SOMETHING_0,,,TossWeapon,pd.items.equipment.weapon.missiles.throwing,core/src/java/pd/items/equipment/weapon/missiles/throwing/BottleFire.java,
EmpBola,电磁套索,placeholder,SpecificPlaceHolderDict.SOMETHING_0,,,MissileWeapon,pd.items.equipment.weapon.missiles.throwing,core/src/java/pd/items/equipment/weapon/missiles/throwing/EmpBola.java,
ErrorAmmo,错误弹丸,placeholder,SpecificPlaceHolderDict.SOMETHING_0,,,MissileWeapon,pd.items.equipment.weapon.missiles.throwing,core/src/java/pd/items/equipment/weapon/missiles/throwing/ErrorAmmo.java,
EscapeKnive,逃脱小刀,placeholder,SpecificPlaceHolderDict.SOMETHING_0,,,MissileWeapon,pd.items.equipment.weapon.missiles.throwing,core/src/java/pd/items/equipment/weapon/missiles/throwing/EscapeKnive.java,
HoneyArrow,蜜蜂针头,filled,ConsumThrowsDict.HONEY_ARROW,6630,sprites/items/consum/throws.png,TossWeapon,pd.items.equipment.weapon.missiles.throwing,core/src/java/pd/items/equipment/weapon/missiles/throwing/HoneyArrow.java,
LynnDoll,梦瑶娃娃,placeholder,SpecificPlaceHolderDict.SOMETHING_0,,,TossWeapon,pd.items.equipment.weapon.missiles.throwing,core/src/java/pd/items/equipment/weapon/missiles/throwing/LynnDoll.java,
MindArrow,意识之矢,placeholder,SpecificPlaceHolderDict.SOMETHING_0,,,MissileWeapon,pd.items.equipment.weapon.missiles.throwing,core/src/java/pd/items/equipment/weapon/missiles/throwing/MindArrow.java,
MoneyBook,空白账本,placeholder,SpecificPlaceHolderDict.SOMETHING_0,,,TossWeapon,pd.items.equipment.weapon.missiles.throwing,core/src/java/pd/items/equipment/weapon/missiles/throwing/MoneyBook.java,
Skull,鬼骨镖,filled,ConsumThrowsDict.SKULL,6625,sprites/items/consum/throws.png,MissileWeapon,pd.items.equipment.weapon.missiles.throwing,core/src/java/pd/items/equipment/weapon/missiles/throwing/Skull.java,
TossWeapon,,no-image,,,,MissileWeapon,pd.items.equipment.weapon.missiles.throwing,core/src/java/pd/items/equipment/weapon/missiles/throwing/TossWeapon.java,
Wave,声波诱饵,placeholder,SpecificPlaceHolderDict.SOMETHING_0,,,MissileWeapon,pd.items.equipment.weapon.missiles.throwing,core/src/java/pd/items/equipment/weapon/missiles/throwing/Wave.java,
AlloyBowN,普通的合金弩,no-image,,,,RangeWeapon,pd.items.equipment.weapon.ranges,core/src/java/pd/items/equipment/weapon/ranges/AlloyBowN.java,
AlloyBowR,沉重的合金弩,no-image,,,,RangeWeapon,pd.items.equipment.weapon.ranges,core/src/java/pd/items/equipment/weapon/ranges/AlloyBowR.java,
AlloyBowS,轻巧的合金弩,no-image,,,,RangeWeapon,pd.items.equipment.weapon.ranges,core/src/java/pd/items/equipment/weapon/ranges/AlloyBowS.java,
MetalBowN,普通的金属弓,no-image,,,,RangeWeapon,pd.items.equipment.weapon.ranges,core/src/java/pd/items/equipment/weapon/ranges/MetalBowN.java,
MetalBowR,沉重的金属弓,no-image,,,,RangeWeapon,pd.items.equipment.weapon.ranges,core/src/java/pd/items/equipment/weapon/ranges/MetalBowR.java,
MetalBowS,轻巧的金属弓,no-image,,,,RangeWeapon,pd.items.equipment.weapon.ranges,core/src/java/pd/items/equipment/weapon/ranges/MetalBowS.java,
PVCBowN,普通的复合纤维弩,no-image,,,,RangeWeapon,pd.items.equipment.weapon.ranges,core/src/java/pd/items/equipment/weapon/ranges/PVCBowN.java,
PVCBowR,沉重的复合纤维弩,no-image,,,,RangeWeapon,pd.items.equipment.weapon.ranges,core/src/java/pd/items/equipment/weapon/ranges/PVCBowR.java,
PVCBowS,轻巧的复合纤维弩,no-image,,,,RangeWeapon,pd.items.equipment.weapon.ranges,core/src/java/pd/items/equipment/weapon/ranges/PVCBowS.java,
RangePan,平底煎锅,no-image,,,,RangeWeapon,pd.items.equipment.weapon.ranges,core/src/java/pd/items/equipment/weapon/ranges/RangePan.java,
RangeWeapon,,placeholder,image,,,SpsRangedWeapon,pd.items.equipment.weapon.ranges,core/src/java/pd/items/equipment/weapon/ranges/RangeWeapon.java,
StoneBowN,普通的绑石弓,no-image,,,,RangeWeapon,pd.items.equipment.weapon.ranges,core/src/java/pd/items/equipment/weapon/ranges/StoneBowN.java,
StoneBowR,沉重的绑石弓,no-image,,,,RangeWeapon,pd.items.equipment.weapon.ranges,core/src/java/pd/items/equipment/weapon/ranges/StoneBowR.java,
StoneBowS,轻巧的绑石弓,no-image,,,,RangeWeapon,pd.items.equipment.weapon.ranges,core/src/java/pd/items/equipment/weapon/ranges/StoneBowS.java,
WoodenBowN,普通的木弓,no-image,,,,RangeWeapon,pd.items.equipment.weapon.ranges,core/src/java/pd/items/equipment/weapon/ranges/WoodenBowN.java,
WoodenBowR,沉重的木弓,no-image,,,,RangeWeapon,pd.items.equipment.weapon.ranges,core/src/java/pd/items/equipment/weapon/ranges/WoodenBowR.java,
WoodenBowS,轻巧的木弓,no-image,,,,RangeWeapon,pd.items.equipment.weapon.ranges,core/src/java/pd/items/equipment/weapon/ranges/WoodenBowS.java,
Alink,长老链接,no-image,,,,RockCode,pd.items.equipment.weapon.rockcode,core/src/java/pd/items/equipment/weapon/rockcode/Alink.java,
Bmech,机械炸弹,no-image,,,,RockCode,pd.items.equipment.weapon.rockcode,core/src/java/pd/items/equipment/weapon/rockcode/Bmech.java,
Dpotion,暗黑药水,no-image,,,,RockCode,pd.items.equipment.weapon.rockcode,core/src/java/pd/items/equipment/weapon/rockcode/Dpotion.java,
Gleaf,缠绕触须,no-image,,,,RockCode,pd.items.equipment.weapon.rockcode,core/src/java/pd/items/equipment/weapon/rockcode/Gleaf.java,
Ichain,钢铁锁链,no-image,,,,RockCode,pd.items.equipment.weapon.rockcode,core/src/java/pd/items/equipment/weapon/rockcode/Ichain.java,
Lbox,巫妖冰盒,no-image,,,,RockCode,pd.items.equipment.weapon.rockcode,core/src/java/pd/items/equipment/weapon/rockcode/Lbox.java,
Mlaser,混合射线,no-image,,,,RockCode,pd.items.equipment.weapon.rockcode,core/src/java/pd/items/equipment/weapon/rockcode/Mlaser.java,
Nshuriken,忍者手镖,no-image,,,,RockCode,pd.items.equipment.weapon.rockcode,core/src/java/pd/items/equipment/weapon/rockcode/Nshuriken.java,
Obubble,淤泥泡沫,no-image,,,,RockCode,pd.items.equipment.weapon.rockcode,core/src/java/pd/items/equipment/weapon/rockcode/Obubble.java,
RockCode,,placeholder,SpecificPlaceHolderDict.SOMETHING_0,,,Item,pd.items.equipment.weapon.rockcode,core/src/java/pd/items/equipment/weapon/rockcode/RockCode.java,
Sweb,蛛网陷阱,no-image,,,,RockCode,pd.items.equipment.weapon.rockcode,core/src/java/pd/items/equipment/weapon/rockcode/Sweb.java,
Trush,墓石冲击,no-image,,,,RockCode,pd.items.equipment.weapon.rockcode,core/src/java/pd/items/equipment/weapon/rockcode/Trush.java,
Zshield,尸块护盾,no-image,,,,RockCode,pd.items.equipment.weapon.rockcode,core/src/java/pd/items/equipment/weapon/rockcode/Zshield.java,
BattleAmmo,战斗弹,no-image,,,,SpAmmo,pd.items.equipment.weapon.spammo,core/src/java/pd/items/equipment/weapon/spammo/BattleAmmo.java,
BlindAmmo,闪光弹,no-image,,,,SpAmmo,pd.items.equipment.weapon.spammo,core/src/java/pd/items/equipment/weapon/spammo/BlindAmmo.java,
DewAmmo,碎片弹,no-image,,,,SpAmmo,pd.items.equipment.weapon.spammo,core/src/java/pd/items/equipment/weapon/spammo/DewAmmo.java,
DreamAmmo,催眠弹,no-image,,,,SpAmmo,pd.items.equipment.weapon.spammo,core/src/java/pd/items/equipment/weapon/spammo/DreamAmmo.java,
EmptyAmmo,空心弹,no-image,,,,SpAmmo,pd.items.equipment.weapon.spammo,core/src/java/pd/items/equipment/weapon/spammo/EmptyAmmo.java,
EvolveAmmo,退化弹,no-image,,,,SpAmmo,pd.items.equipment.weapon.spammo,core/src/java/pd/items/equipment/weapon/spammo/EvolveAmmo.java,
FireAmmo,燃烧弹,no-image,,,,SpAmmo,pd.items.equipment.weapon.spammo,core/src/java/pd/items/equipment/weapon/spammo/FireAmmo.java,
GoldAmmo,彩票弹,no-image,,,,SpAmmo,pd.items.equipment.weapon.spammo,core/src/java/pd/items/equipment/weapon/spammo/GoldAmmo.java,
HeavyAmmo,重铅弹,no-image,,,,SpAmmo,pd.items.equipment.weapon.spammo,core/src/java/pd/items/equipment/weapon/spammo/HeavyAmmo.java,
IceAmmo,寒霜弹,no-image,,,,SpAmmo,pd.items.equipment.weapon.spammo,core/src/java/pd/items/equipment/weapon/spammo/IceAmmo.java,
MossAmmo,淬毒弹,no-image,,,,SpAmmo,pd.items.equipment.weapon.spammo,core/src/java/pd/items/equipment/weapon/spammo/MossAmmo.java,
RotAmmo,腐败弹,no-image,,,,SpAmmo,pd.items.equipment.weapon.spammo,core/src/java/pd/items/equipment/weapon/spammo/RotAmmo.java,
SandAmmo,烟尘弹,no-image,,,,SpAmmo,pd.items.equipment.weapon.spammo,core/src/java/pd/items/equipment/weapon/spammo/SandAmmo.java,
SpAmmo,,filled,ConsumUsefulUsefulDict.SP_AMMO,6672,sprites/items/consum/useful/useful.png,Item,pd.items.equipment.weapon.spammo,core/src/java/pd/items/equipment/weapon/spammo/SpAmmo.java,
StarAmmo,陨星弹,no-image,,,,SpAmmo,pd.items.equipment.weapon.spammo,core/src/java/pd/items/equipment/weapon/spammo/StarAmmo.java,
StormAmmo,雷暴弹,no-image,,,,SpAmmo,pd.items.equipment.weapon.spammo,core/src/java/pd/items/equipment/weapon/spammo/StormAmmo.java,
SunAmmo,活性弹,no-image,,,,SpAmmo,pd.items.equipment.weapon.spammo,core/src/java/pd/items/equipment/weapon/spammo/SunAmmo.java,
ThornAmmo,荆棘弹,no-image,,,,SpAmmo,pd.items.equipment.weapon.spammo,core/src/java/pd/items/equipment/weapon/spammo/ThornAmmo.java,
WoodenAmmo,软木弹,no-image,,,,SpAmmo,pd.items.equipment.weapon.spammo,core/src/java/pd/items/equipment/weapon/spammo/WoodenAmmo.java,
BowFragment,灵弓残件,filled,ConsumUsefulCorpseRelicsDict.BOW_FRAGMENT_0,6655,sprites/items/consum/useful/corpse_relics.png,RemainsItem,pd.items.ground.remains,core/src/java/pd/items/ground/remains/BowFragment.java,
BrokenHilt,断折剑柄,filled,ConsumUsefulCorpseRelicsDict.BROKEN_HILT_0,6656,sprites/items/consum/useful/corpse_relics.png,RemainsItem,pd.items.ground.remains,core/src/java/pd/items/ground/remains/BrokenHilt.java,
BrokenStaff,横断魔杖,filled,ConsumUsefulCorpseRelicsDict.BROKEN_STAFF_0,6653,sprites/items/consum/useful/corpse_relics.png,RemainsItem,pd.items.ground.remains,core/src/java/pd/items/ground/remains/BrokenStaff.java,
CloakScrap,残破织物,filled,ConsumUsefulCorpseRelicsDict.CLOAK_SCRAP_0,6654,sprites/items/consum/useful/corpse_relics.png,RemainsItem,pd.items.ground.remains,core/src/java/pd/items/ground/remains/CloakScrap.java,
RemainsItem,,no-image,,,,Item,pd.items.ground.remains,core/src/java/pd/items/ground/remains/RemainsItem.java,
SealShard,纹章残蜡,filled,ConsumUsefulCorpseRelicsDict.SEAL_SHARD_0,6652,sprites/items/consum/useful/corpse_relics.png,RemainsItem,pd.items.ground.remains,core/src/java/pd/items/ground/remains/SealShard.java,
TornPage,圣典残页,filled,ConsumUsefulCorpseRelicsDict.TORN_PAGE_0,6657,sprites/items/consum/useful/corpse_relics.png,RemainsItem,pd.items.ground.remains,core/src/java/pd/items/ground/remains/TornPage.java,
Ankhshield,神圣护盾,placeholder,SpecificPlaceHolderDict.SOMETHING_0,,,Item,pd.items.misc,core/src/java/pd/items/misc/Ankhshield.java,
AttackShield,隆的波动拳,placeholder,SpecificPlaceHolderDict.SOMETHING_0,,,Item,pd.items.misc,core/src/java/pd/items/misc/AttackShield.java,
AttackShoes,水管工皮鞋,filled,EquipmentNonEquipDict.JUMP_BOOTS,6913,sprites/items/equipment/non_equip.png,Item,pd.items.misc,core/src/java/pd/items/misc/AttackShoes.java,
AutoPotion,自动药剂,placeholder,SpecificPlaceHolderDict.SOMETHING_0,,,Ring,pd.items.misc,core/src/java/pd/items/misc/AutoPotion.java,
BigBattery,蓄电池,placeholder,SpecificPlaceHolderDict.SOMETHING_0,,,Item,pd.items.misc,core/src/java/pd/items/misc/BigBattery.java,
BShovel,奇迹按钮,placeholder,SpecificPlaceHolderDict.SOMETHING_0,,,Item,pd.items.misc,core/src/java/pd/items/misc/BShovel.java,
CopyBall,侵蚀核心,placeholder,SpecificPlaceHolderDict.SOMETHING_0,,,Item,pd.items.misc,core/src/java/pd/items/misc/CopyBall.java,
CursePhone,被诅咒的电话,placeholder,SpecificPlaceHolderDict.SOMETHING_0,,,MiscEquippable,pd.items.misc,core/src/java/pd/items/misc/CursePhone.java,
DanceLion,舞狮手册,placeholder,SpecificPlaceHolderDict.SOMETHING_0,,,Item,pd.items.misc,core/src/java/pd/items/misc/DanceLion.java,
DemoScroll,恶魔契约,placeholder,SpecificPlaceHolderDict.SOMETHING_0,,,Item,pd.items.misc,core/src/java/pd/items/misc/DemoScroll.java,
DiceTower,骰子塔,filled,EquipmentNonEquipDict.SPS_DICE_TOWER_0,6947,sprites/items/equipment/non_equip.png,Item,pd.items.misc,core/src/java/pd/items/misc/DiceTower.java,
FaithSign,信标盒,placeholder,SpecificPlaceHolderDict.SOMETHING_0,,,Item,pd.items.misc,core/src/java/pd/items/misc/FaithSign.java,
FishBone,鱼骨,placeholder,SpecificPlaceHolderDict.SOMETHING_0,,,MiscEquippable,pd.items.misc,core/src/java/pd/items/misc/FishBone.java,
FourClover,四叶薄荷项链,placeholder,SpecificPlaceHolderDict.SOMETHING_0,,,Ring,pd.items.misc,core/src/java/pd/items/misc/FourClover.java,
GhostGirlRose,幽魂的余香,placeholder,SpecificPlaceHolderDict.SOMETHING_0,,,MiscEquippable,pd.items.misc,core/src/java/pd/items/misc/GhostGirlRose.java,
GnollMark,仪式面具,placeholder,SpecificPlaceHolderDict.SOMETHING_0,,,Item,pd.items.misc,core/src/java/pd/items/misc/GnollMark.java,
GrassBook,自然之书,placeholder,SpecificPlaceHolderDict.SOMETHING_0,,,Item,pd.items.misc,core/src/java/pd/items/misc/GrassBook.java,
GunOfSoldier,脉冲手枪,placeholder,SpecificPlaceHolderDict.SOMETHING_0,,,Item,pd.items.misc,core/src/java/pd/items/misc/GunOfSoldier.java,
HealBag,医疗箱,placeholder,SpecificPlaceHolderDict.SOMETHING_0,,,Item,pd.items.misc,core/src/java/pd/items/misc/HealBag.java,
HorseTotem,赤兔图腾,placeholder,SpecificPlaceHolderDict.SOMETHING_0,,,MiscEquippable,pd.items.misc,core/src/java/pd/items/misc/HorseTotem.java,
JumpA,修士之鞋,filled,EquipmentNonEquipDict.JUMP_BOOTS,6913,sprites/items/equipment/non_equip.png,Item,pd.items.misc,core/src/java/pd/items/misc/JumpA.java,
JumpF,信徒之鞋,filled,EquipmentNonEquipDict.JUMP_BOOTS,6913,sprites/items/equipment/non_equip.png,Item,pd.items.misc,core/src/java/pd/items/misc/JumpF.java,
JumpH,猎手之鞋,filled,EquipmentNonEquipDict.JUMP_BOOTS,6913,sprites/items/equipment/non_equip.png,Item,pd.items.misc,core/src/java/pd/items/misc/JumpH.java,
JumpM,法师之鞋,filled,EquipmentNonEquipDict.JUMP_BOOTS,6913,sprites/items/equipment/non_equip.png,Item,pd.items.misc,core/src/java/pd/items/misc/JumpM.java,
JumpP,演员之鞋,filled,EquipmentNonEquipDict.JUMP_BOOTS,6913,sprites/items/equipment/non_equip.png,Item,pd.items.misc,core/src/java/pd/items/misc/JumpP.java,
JumpR,盗贼之鞋,filled,EquipmentNonEquipDict.JUMP_BOOTS,6913,sprites/items/equipment/non_equip.png,Item,pd.items.misc,core/src/java/pd/items/misc/JumpR.java,
JumpS,星兵之鞋,filled,EquipmentNonEquipDict.JUMP_BOOTS,6913,sprites/items/equipment/non_equip.png,Item,pd.items.misc,core/src/java/pd/items/misc/JumpS.java,
JumpW,战士之鞋,filled,EquipmentNonEquipDict.JUMP_BOOTS,6913,sprites/items/equipment/non_equip.png,Item,pd.items.misc,core/src/java/pd/items/misc/JumpW.java,
LeaderFlag,领主之旗,placeholder,SpecificPlaceHolderDict.SOMETHING_0,,,Item,pd.items.misc,core/src/java/pd/items/misc/LeaderFlag.java,
LuckyBadge,幸运胸章,filled,EquipmentJewelleryArtifactDict.LUCKY_BADGE,6893,sprites/items/equipment/jewellery/artifact.png,Item,pd.items.misc,core/src/java/pd/items/misc/LuckyBadge.java,
MechPocket,机械口袋,placeholder,SpecificPlaceHolderDict.SOMETHING_0,,,Item,pd.items.misc,core/src/java/pd/items/misc/MechPocket.java,
MiscEquippable,,no-image,,,,Artifact,pd.items.misc,core/src/java/pd/items/misc/MiscEquippable.java,
MissileShield,神木圆盾,placeholder,SpecificPlaceHolderDict.SOMETHING_0,,,Item,pd.items.misc,core/src/java/pd/items/misc/MissileShield.java,
MKbox,蘑菇王国问号箱,placeholder,SpecificPlaceHolderDict.SOMETHING_0,,,Item,pd.items.misc,core/src/java/pd/items/misc/MKbox.java,
NeedPaper,通缉令,placeholder,SpecificPlaceHolderDict.SOMETHING_0,,,Item,pd.items.misc,core/src/java/pd/items/misc/NeedPaper.java,
NmHealBag,纳米维生包,placeholder,SpecificPlaceHolderDict.SOMETHING_0,,,Item,pd.items.misc,core/src/java/pd/items/misc/NmHealBag.java,
PotionOfMage,奇迹烧瓶,placeholder,SpecificPlaceHolderDict.SOMETHING_0,,,Item,pd.items.misc,core/src/java/pd/items/misc/PotionOfMage.java,
PPC,电子放大镜,placeholder,SpecificPlaceHolderDict.SOMETHING_0,,,Item,pd.items.misc,core/src/java/pd/items/misc/PPC.java,
PPC2,深渊调查仪,placeholder,SpecificPlaceHolderDict.SOMETHING_0,,,Item,pd.items.misc,core/src/java/pd/items/misc/PPC2.java,
RainShield,Rain盾,placeholder,SpecificPlaceHolderDict.SOMETHING_0,,,MiscEquippable,pd.items.misc,core/src/java/pd/items/misc/RainShield.java,
RangeBag,飞镖袋,placeholder,SpecificPlaceHolderDict.SOMETHING_0,,,MiscEquippable,pd.items.misc,core/src/java/pd/items/misc/RangeBag.java,
RewardPaper,报酬清单,placeholder,SpecificPlaceHolderDict.SOMETHING_0,,,Item,pd.items.misc,core/src/java/pd/items/misc/RewardPaper.java,
RockManJumpshoes,洛克之鞋,placeholder,SpecificPlaceHolderDict.SOMETHING_0,,,Item,pd.items.misc,core/src/java/pd/items/misc/RockManJumpshoes.java,
SavageHelmet,蛮族头盔,placeholder,SpecificPlaceHolderDict.SOMETHING_0,,,MiscEquippable,pd.items.misc,core/src/java/pd/items/misc/SavageHelmet.java,
SeriousPunch,认真拳套,filled,EquipmentNonEquipDict.SPS_SERIOUS_PUNCH_0,6953,sprites/items/equipment/non_equip.png,Item,pd.items.misc,core/src/java/pd/items/misc/SeriousPunch.java,
Shovel,铁铲,filled,EquipmentNonEquipDict.LEGACY_SHOVEL_0,6931,sprites/items/equipment/non_equip.png,Item,pd.items.misc,core/src/java/pd/items/misc/Shovel.java,
SkillBook,,no-image,,,,Item,pd.items.misc,core/src/java/pd/items/misc/SkillBook.java,
SkillOfAtk,力量之书,placeholder,SpecificPlaceHolderDict.SOMETHING_0,,,SkillBook,pd.items.misc,core/src/java/pd/items/misc/SkillOfAtk.java,
SkillOfDef,敏捷之书,placeholder,SpecificPlaceHolderDict.SOMETHING_0,,,SkillBook,pd.items.misc,core/src/java/pd/items/misc/SkillOfDef.java,
SkillOfMig,智力之书,placeholder,SpecificPlaceHolderDict.SOMETHING_0,,,SkillBook,pd.items.misc,core/src/java/pd/items/misc/SkillOfMig.java,
Spectacles,眼镜,filled,EquipmentEquipArmorUniqueArmorDict.SPECTACLES,6715,sprites/items/equipment/equip/armor/unique_armor.png,Ring,pd.items.misc,core/src/java/pd/items/misc/Spectacles.java,
UndeadBook,亡灵圣经,placeholder,SpecificPlaceHolderDict.SOMETHING_0,,,Item,pd.items.misc,core/src/java/pd/items/misc/UndeadBook.java,
BlueNornStone,蓝色魔法矿石,placeholder,SpecificPlaceHolderDict.SOMETHING_0,,,NornStone,pd.items.nornstone,core/src/java/pd/items/nornstone/BlueNornStone.java,
GreenNornStone,绿色魔法矿石,placeholder,SpecificPlaceHolderDict.SOMETHING_0,,,NornStone,pd.items.nornstone,core/src/java/pd/items/nornstone/GreenNornStone.java,
NornStone,魔法矿石,placeholder,SpecificPlaceHolderDict.SOMETHING_0,,,Item,pd.items.nornstone,core/src/java/pd/items/nornstone/NornStone.java,
OrangeNornStone,橙色魔法矿石,placeholder,SpecificPlaceHolderDict.SOMETHING_0,,,NornStone,pd.items.nornstone,core/src/java/pd/items/nornstone/OrangeNornStone.java,
PurpleNornStone,紫色魔法矿石,placeholder,SpecificPlaceHolderDict.SOMETHING_0,,,NornStone,pd.items.nornstone,core/src/java/pd/items/nornstone/PurpleNornStone.java,
YellowNornStone,黄色魔法矿石,placeholder,SpecificPlaceHolderDict.SOMETHING_0,,,NornStone,pd.items.nornstone,core/src/java/pd/items/nornstone/YellowNornStone.java,
AdventureJournal,异界日志,filled,SpecificPagesDict.GUIDE_PAGE_0,7048,sprites/items/specific/pages.png,Item,pd.items.quest,core/src/java/pd/items/quest/AdventureJournal.java,
CeremonialCandle,仪式蜡烛,filled,SpecificTaskDict.CANDLE_0,7096,sprites/items/specific/task.png,Item,pd.items.quest,core/src/java/pd/items/quest/CeremonialCandle.java,
ChallengeJournal,挑战日志,placeholder,SpecificPlaceHolderDict.SOMETHING_0,,,Item,pd.items.quest,core/src/java/pd/items/quest/ChallengeJournal.java,
CorpseDust,尸尘,filled,ConsumThrowsDict.RICE_BALL,6628,sprites/items/consum/throws.png,Item,pd.items.quest,core/src/java/pd/items/quest/CorpseDust.java,
DarkGold,暗金矿,filled,SpecificTaskDict.ORE_0,7106,sprites/items/specific/task.png,Item,pd.items.quest,core/src/java/pd/items/quest/DarkGold.java,
DwarfToken,矮人徽记,filled,SpecificTaskDict.TOKEN_0,7107,sprites/items/specific/task.png,Item,pd.items.quest,core/src/java/pd/items/quest/DwarfToken.java,
Embers,元素余烬,filled,SpecificTaskDict.EMBER_0,7108,sprites/items/specific/task.png,Item,pd.items.quest,core/src/java/pd/items/quest/Embers.java,
EscapeCrystal,逃脱棱晶,filled,ConsumGoodsMaterialsMaterialsDict.ESCAPE_0,6422,sprites/items/consum/goods_materials/materials.png,Item,pd.items.quest,core/src/java/pd/items/quest/EscapeCrystal.java,
GnollClothes,豺狼风衣,filled,SpecificTaskDict.GNOLL_CLOTHES,7098,sprites/items/specific/task.png,Item,pd.items.quest,core/src/java/pd/items/quest/GnollClothes.java,
GooBlob,粘咕球,filled,ConsumGoodsMaterialsMaterialsDict.BLOB_0,6420,sprites/items/consum/goods_materials/materials.png,Item,pd.items.quest,core/src/java/pd/items/quest/GooBlob.java,
ImpStatue,黑曜石雕像,filled,ConsumGoodsMaterialsMaterialsDict.STATUE_0,6423,sprites/items/consum/goods_materials/materials.png,Item,pd.items.quest,core/src/java/pd/items/quest/ImpStatue.java,
MapFragment,,filled,SpecificPagesDict.SEWER_PAGE_0,7050,sprites/items/specific/pages.png,Item,pd.items.quest,core/src/java/pd/items/quest/MapFragment.java,
MetalShard,邪能碎片,filled,ConsumGoodsMaterialsMaterialsDict.SHARD_0,6421,sprites/items/consum/goods_materials/materials.png,Item,pd.items.quest,core/src/java/pd/items/quest/MetalShard.java,
Mushroom,露珠菌孢,placeholder,SpecificPlaceHolderDict.SOMETHING_0,,,Item,pd.items.quest,core/src/java/pd/items/quest/Mushroom.java,
PetCompendium,伙伴图鉴,filled,EquipmentJewelleryArtifactDict.ARTIFACT_ROSE1 -> EquipmentJewelleryArtifactDict.DRIED_ROSE_0,6878,sprites/items/equipment/jewellery/artifact.png,Item,pd.items.quest,core/src/java/pd/items/quest/PetCompendium.java,
Pickaxe,镐子,filled,SpecificTaskDict.PICKAXE_0,7105,sprites/items/specific/task.png,MeleeWeapon,pd.items.quest,core/src/java/pd/items/quest/Pickaxe.java,
RatSkull,巨鼠头骨,filled,ConsumThrowsDict.SKULL,6625,sprites/items/consum/throws.png,Item,pd.items.quest,core/src/java/pd/items/quest/RatSkull.java,
VaultBeacon,宝库信标,filled,ConsumScrollAmuletCrystalDict.RETURN_BEACON_0,6524,sprites/items/consum/scroll_amulet/crystal.png,Spell,pd.items.quest,core/src/java/pd/items/quest/VaultBeacon.java,
AsceticSkill,修士技能,filled,ConsumScrollAmuletAmuletDict.STONE_ENCHANT_0,6511,sprites/items/consum/scroll_amulet/amulet.png,ClassSkill,pd.items.skills,core/src/java/pd/items/skills/AsceticSkill.java,
ClassSkill,,no-image,,,,Item,pd.items.skills,core/src/java/pd/items/skills/ClassSkill.java,
FollowerSkill,信徒技能,placeholder,SpecificPlaceHolderDict.SOMETHING_0,,,ClassSkill,pd.items.skills,core/src/java/pd/items/skills/FollowerSkill.java,
HuntressSkill,猎手技能,placeholder,SpecificPlaceHolderDict.SOMETHING_0,,,ClassSkill,pd.items.skills,core/src/java/pd/items/skills/HuntressSkill.java,
MageSkill,法师技能,placeholder,SpecificPlaceHolderDict.SOMETHING_0,,,ClassSkill,pd.items.skills,core/src/java/pd/items/skills/MageSkill.java,
PerformerSkill,演员技能,filled,EquipmentJewelleryArtifactDict.ARTIFACT_HORN1 -> EquipmentJewelleryArtifactDict.HORN_OF_PLENTY_0,6866,sprites/items/equipment/jewellery/artifact.png,ClassSkill,pd.items.skills,core/src/java/pd/items/skills/PerformerSkill.java,
RogueSkill,盗贼技能,placeholder,SpecificPlaceHolderDict.SOMETHING_0,,,ClassSkill,pd.items.skills,core/src/java/pd/items/skills/RogueSkill.java,
SoldierSkill,星兵技能,filled,EquipmentEquipWeaponBombDict.BOMB_0,6814,sprites/items/equipment/equip/weapon/bomb.png,ClassSkill,pd.items.skills,core/src/java/pd/items/skills/SoldierSkill.java,
WarriorSkill,战士技能,placeholder,SpecificPlaceHolderDict.SOMETHING_0,,,ClassSkill,pd.items.skills,core/src/java/pd/items/skills/WarriorSkill.java,
CaveChallenge,洞窟挑战,filled,SpecificTaskDict.CAVE_CHALLENGE_0,7120,sprites/items/specific/task.png,ChallengeList,pd.items.specific.challengelists,core/src/java/pd/items/specific/challengelists/CaveChallenge.java,
ChallengeList,挑战纸片,no-image,,,,Item,pd.items.specific.challengelists,core/src/java/pd/items/specific/challengelists/ChallengeList.java,
ChallengePageDrops,,no-image,,,,,pd.items.specific.challengelists,core/src/java/pd/items/specific/challengelists/ChallengePageDrops.java,
CityChallenge,城市挑战,placeholder,SpecificPlaceHolderDict.SOMETHING_0,,,ChallengeList,pd.items.specific.challengelists,core/src/java/pd/items/specific/challengelists/CityChallenge.java,
CourageChallenge,勇气试炼,placeholder,SpecificPlaceHolderDict.SOMETHING_0,,,ChallengeList,pd.items.specific.challengelists,core/src/java/pd/items/specific/challengelists/CourageChallenge.java,
IceChallenge,蜜雪冰城,placeholder,SpecificPlaceHolderDict.SOMETHING_0,,,ChallengeList,pd.items.specific.challengelists,core/src/java/pd/items/specific/challengelists/IceChallenge.java,
PowerChallenge,力量试炼,filled,SpecificTaskDict.POWER_CHALLENGE,7100,sprites/items/specific/task.png,ChallengeList,pd.items.specific.challengelists,core/src/java/pd/items/specific/challengelists/PowerChallenge.java,
PrisonChallenge,监狱挑战,filled,SpecificTaskDict.PRISON_CHALLENGE,7121,sprites/items/specific/task.png,ChallengeList,pd.items.specific.challengelists,core/src/java/pd/items/specific/challengelists/PrisonChallenge.java,
SewerChallenge,下水道挑战,filled,SpecificTaskDict.SEWER_CHALLENGE_0,7118,sprites/items/specific/task.png,ChallengeList,pd.items.specific.challengelists,core/src/java/pd/items/specific/challengelists/SewerChallenge.java,
WisdomChallenge,智慧试炼,filled,SpecificTaskDict.WISDOM_CHALLENGE,7109,sprites/items/specific/task.png,ChallengeList,pd.items.specific.challengelists,core/src/java/pd/items/specific/challengelists/WisdomChallenge.java,
AlchemyPage,被撕下的炼金指南书页,filled,SpecificPagesDict.ALCH_PAGE_0,7049,sprites/items/specific/pages.png,DocumentPage,pd.items.specific.journal,core/src/java/pd/items/specific/journal/AlchemyPage.java,
DocumentPage,被撕下的书页,filled,ConsumUsefulProcessEnhanceDict.MASTERY_0,6660,sprites/items/consum/useful/process_enhance.png,Item,pd.items.specific.journal,core/src/java/pd/items/specific/journal/DocumentPage.java,
Guidebook,地牢探索指南,filled,ConsumUsefulProcessEnhanceDict.MASTERY_0,6660,sprites/items/consum/useful/process_enhance.png,Item,pd.items.specific.journal,core/src/java/pd/items/specific/journal/Guidebook.java,
GuidePage,被撕下的指南书页,filled,SpecificPagesDict.GUIDE_PAGE_0,7048,sprites/items/specific/pages.png,DocumentPage,pd.items.specific.journal,core/src/java/pd/items/specific/journal/GuidePage.java,
RegionLorePage,,filled,SpecificPagesDict.SEWER_PAGE_0,7050,sprites/items/specific/pages.png,DocumentPage,pd.items.specific.journal,core/src/java/pd/items/specific/journal/RegionLorePage.java,
EnergyCore,Otiluck的旅行日志之能源核心,no-image,,,,JournalPage,pd.items.specific.journalpages,core/src/java/pd/items/specific/journalpages/EnergyCore.java,
JournalPage,坐标,placeholder,SpecificPlaceHolderDict.SOMETHING_0,,,Item,pd.items.specific.journalpages,core/src/java/pd/items/specific/journalpages/JournalPage.java,
NewHome,样板房坐标,placeholder,SpecificPlaceHolderDict.SOMETHING_0,,,JournalPage,pd.items.specific.journalpages,core/src/java/pd/items/specific/journalpages/NewHome.java,
SafeSpotPage,房契,no-image,,,,JournalPage,pd.items.specific.journalpages,core/src/java/pd/items/specific/journalpages/SafeSpotPage.java,
Sokoban1,Otiluck的旅行日志之推箱教程,no-image,,,,JournalPage,pd.items.specific.journalpages,core/src/java/pd/items/specific/journalpages/Sokoban1.java,
Sokoban2,Otiluck的旅行日志之奇异城堡,no-image,,,,JournalPage,pd.items.specific.journalpages,core/src/java/pd/items/specific/journalpages/Sokoban2.java,
Sokoban3,Otiluck的旅行日志之传送迷阵,no-image,,,,JournalPage,pd.items.specific.journalpages,core/src/java/pd/items/specific/journalpages/Sokoban3.java,
Sokoban4,Otiluck的旅行日志之终极挑战,no-image,,,,JournalPage,pd.items.specific.journalpages,core/src/java/pd/items/specific/journalpages/Sokoban4.java,
Town,多利亚小镇,no-image,,,,JournalPage,pd.items.specific.journalpages,core/src/java/pd/items/specific/journalpages/Town.java,
Vault,宝地坐标,no-image,,,,JournalPage,pd.items.specific.journalpages,core/src/java/pd/items/specific/journalpages/Vault.java,
CrystalKey,水晶钥匙,filled,SpecificKeyDict.CRYSTAL_KEY,7047,sprites/items/specific/key.png,Key,pd.items.specific.keys,core/src/java/pd/items/specific/keys/CrystalKey.java,
GoldenKey,金钥匙,filled,SpecificKeyDict.GOLDEN_KEY,7045,sprites/items/specific/key.png,Key,pd.items.specific.keys,core/src/java/pd/items/specific/keys/GoldenKey.java,
GoldenSkeletonKey,水晶钥匙,placeholder,SpecificPlaceHolderDict.SOMETHING_0,,,Key,pd.items.specific.keys,core/src/java/pd/items/specific/keys/GoldenSkeletonKey.java,
IronKey,铁钥匙,filled,SpecificKeyDict.IRON_KEY,7044,sprites/items/specific/key.png,Key,pd.items.specific.keys,core/src/java/pd/items/specific/keys/IronKey.java,
Key,,no-image,,,,Item,pd.items.specific.keys,core/src/java/pd/items/specific/keys/Key.java,
SpsSkeletonKey,骷髅钥匙,filled,SpecificKeyDict.WORN_KEY,7046,sprites/items/specific/key.png,Key,pd.items.specific.keys,core/src/java/pd/items/specific/keys/SpsSkeletonKey.java,
WornKey,磨损钥匙,filled,SpecificKeyDict.WORN_KEY,7046,sprites/items/specific/key.png,Key,pd.items.specific.keys,core/src/java/pd/items/specific/keys/WornKey.java,
BoundReward,清层奖励,filled,EquipmentBagsDict.BACKPACK_0,6681,sprites/items/equipment/bags.png,Item,pd.items.specific.reward,core/src/java/pd/items/specific/reward/BoundReward.java,
CaveReward,洞穴奖励包,no-image,,,,ChallengeReward,pd.items.specific.reward,core/src/java/pd/items/specific/reward/CaveReward.java,
ChallengeReward,,placeholder,SpecificPlaceHolderDict.SOMETHING_0,,,Item,pd.items.specific.reward,core/src/java/pd/items/specific/reward/ChallengeReward.java,
CityReward,城市奖励包,no-image,,,,ChallengeReward,pd.items.specific.reward,core/src/java/pd/items/specific/reward/CityReward.java,
PrisonReward,监狱奖励包,no-image,,,,ChallengeReward,pd.items.specific.reward,core/src/java/pd/items/specific/reward/PrisonReward.java,
SewerReward,下水道奖励包,no-image,,,,ChallengeReward,pd.items.specific.reward,core/src/java/pd/items/specific/reward/SewerReward.java,
Apk931,蓝猫地牢测试组模,placeholder,SpecificPlaceHolderDict.SOMETHING_0,,,SellItem,pd.items.specific.sellitem,core/src/java/pd/items/specific/sellitem/Apk931.java,
ApostleBox,Apostle混沌之盒,placeholder,SpecificPlaceHolderDict.SOMETHING_0,,,SellItem,pd.items.specific.sellitem,core/src/java/pd/items/specific/sellitem/ApostleBox.java,
BottleFlower,试管玫瑰,filled,ConsumGoodsMaterialsGoodsDict.BOTTLE_FLOWER,6382,sprites/items/consum/goods_materials/goods.png,SellItem,pd.items.specific.sellitem,core/src/java/pd/items/specific/sellitem/BottleFlower.java,
BrokenHammer,损坏的铁锤,placeholder,SpecificPlaceHolderDict.SOMETHING_0,,,SellItem,pd.items.specific.sellitem,core/src/java/pd/items/specific/sellitem/BrokenHammer.java,
CrossPhoto,拼凑相片,placeholder,SpecificPlaceHolderDict.SOMETHING_0,,,SellItem,pd.items.specific.sellitem,core/src/java/pd/items/specific/sellitem/CrossPhoto.java,
DevUpPlan,更新计划,filled,SpecificPagesDict.GUIDE_PAGE_0,7048,sprites/items/specific/pages.png,SellItem,pd.items.specific.sellitem,core/src/java/pd/items/specific/sellitem/DevUpPlan.java,
DwarfHammer,破魔之锤,filled,EquipmentEquipWeaponBasicWeaponDict.DWARF_HAMMER,6773,sprites/items/equipment/equip/weapon/basic_weapon.png,SellItem,pd.items.specific.sellitem,core/src/java/pd/items/specific/sellitem/DwarfHammer.java,
HummingTool,蜂鸟开锁器,placeholder,SpecificPlaceHolderDict.SOMETHING_0,,,SellItem,pd.items.specific.sellitem,core/src/java/pd/items/specific/sellitem/HummingTool.java,
HunterLens,眼魔的晶状体,filled,GroundFunctionalFallingDict.DEWDROP_0,7018,sprites/items/ground/functional_falling.png,SellItem,pd.items.specific.sellitem,core/src/java/pd/items/specific/sellitem/HunterLens.java,
JumperDancer,跳舞人偶,placeholder,SpecificPlaceHolderDict.SOMETHING_0,,,SellItem,pd.items.specific.sellitem,core/src/java/pd/items/specific/sellitem/JumperDancer.java,
LingHeart,水晶项链,filled,EquipmentJewelleryArtifactDict.LING_HEART_0,6891,sprites/items/equipment/jewellery/artifact.png,SellItem,pd.items.specific.sellitem,core/src/java/pd/items/specific/sellitem/LingHeart.java,
MiniBunny,小兔子,filled,ConsumSummorDict.RABBIT_PET_EGG_0,6573,sprites/items/consum/summor.png,SellItem,pd.items.specific.sellitem,core/src/java/pd/items/specific/sellitem/MiniBunny.java,
Mirror2,镜像碎片,placeholder,SpecificPlaceHolderDict.SOMETHING_0,,,SellItem,pd.items.specific.sellitem,core/src/java/pd/items/specific/sellitem/Mirror2.java,
NouthSouth,南北手柄,placeholder,SpecificPlaceHolderDict.SOMETHING_0,,,SellItem,pd.items.specific.sellitem,core/src/java/pd/items/specific/sellitem/NouthSouth.java,
SellItem,,no-image,,,,Item,pd.items.specific.sellitem,core/src/java/pd/items/specific/sellitem/SellItem.java,
SellMushroom,好看的蘑菇,placeholder,SpecificPlaceHolderDict.SOMETHING_0,,,Pill,pd.items.specific.sellitem,core/src/java/pd/items/specific/sellitem/SellMushroom.java,
SellPermit,经营许可证,placeholder,SpecificPlaceHolderDict.SOMETHING_0,,,SellItem,pd.items.specific.sellitem,core/src/java/pd/items/specific/sellitem/SellPermit.java,
SheepFur,羊毛,placeholder,SpecificPlaceHolderDict.SOMETHING_0,,,SellItem,pd.items.specific.sellitem,core/src/java/pd/items/specific/sellitem/SheepFur.java,
Simple360,简单发芽修改代码,placeholder,SpecificPlaceHolderDict.SOMETHING_0,,,SellItem,pd.items.specific.sellitem,core/src/java/pd/items/specific/sellitem/Simple360.java,
Tissue,用餐纸巾,placeholder,SpecificPlaceHolderDict.SOMETHING_0,,,SellItem,pd.items.specific.sellitem,core/src/java/pd/items/specific/sellitem/Tissue.java,
UncleDumbbell,发芽的哑铃,filled,ConsumGoodsMaterialsGoodsDict.UNCLE_DUMBBELL,6394,sprites/items/consum/goods_materials/goods.png,SellItem,pd.items.specific.sellitem,core/src/java/pd/items/specific/sellitem/UncleDumbbell.java,
VIPcard,VIP卡,placeholder,SpecificPlaceHolderDict.SOMETHING_0,,,SellItem,pd.items.specific.sellitem,core/src/java/pd/items/specific/sellitem/VIPcard.java,
ActiveMrDestructo,毁灭无人引擎,placeholder,SpecificPlaceHolderDict.SOMETHING_0,,,SpsSummonItem,pd.items.summon,core/src/java/pd/items/summon/ActiveMrDestructo.java,
CallCoconut,召唤钥匙,placeholder,SpecificPlaceHolderDict.SOMETHING_0,,,SpsSummonItem,pd.items.summon,core/src/java/pd/items/summon/CallCoconut.java,
ChinaMech,壁垒支援用无人机,placeholder,SpecificPlaceHolderDict.SOMETHING_0,,,SpsSummonItem,pd.items.summon,core/src/java/pd/items/summon/ChinaMech.java,
FairyCard,仙女卡片,filled,ConsumSummorDict.FAIRY_CARD_0,6598,sprites/items/consum/summor.png,SpsSummonItem,pd.items.summon,core/src/java/pd/items/summon/FairyCard.java,
Mobile,遥控卫星,placeholder,SpecificPlaceHolderDict.SOMETHING_0,,,SpsSummonItem,pd.items.summon,core/src/java/pd/items/summon/Mobile.java,
RustybladeCat,零式呼机,placeholder,SpecificPlaceHolderDict.SOMETHING_0,,,Item,pd.items.summon,core/src/java/pd/items/summon/RustybladeCat.java,
SpsSummonItem,,no-image,,,,Item,pd.items.summon,core/src/java/pd/items/summon/SpsSummonItem.java,
